area,extent,solidity,elongation,bbox_aspect_ratio,eccentricity,type
545.0,0.3776853776853777,0.7633053221288515,3.0246218271464818,1.054054054054054,0.9437640160660281,control
509.0,0.37207602339181284,0.7563150074294205,3.2177215371394805,1.0555555555555556,0.9504822289517311,control
419.0,0.7590579710144928,0.9654377880184332,1.2171890603838393,1.0434782608695652,0.5701147751212339,control
401.0,0.7924901185770751,0.9662650602409638,1.1404166644876281,1.0454545454545454,0.48072303526034155,control
472.0,0.7552,0.9711934156378601,1.393211839066373,1.0,0.6962844683195983,control
523.0,0.7736686390532544,0.9578754578754579,1.2003580738996478,1.0,0.5531453764736443,control
512.0,0.8192,0.9642184557438794,1.1104214132637094,1.0,0.43473380760632574,control
441.0,0.765625,0.9692307692307692,1.2828212806691166,1.0,0.6263626353084782,control
502.0,0.4218487394957983,0.9418386491557224,3.3513548969424782,1.0294117647058822,0.954445037112545,control
409.0,0.7290552584670231,0.9253393665158371,2.3681312688575824,1.9411764705882353,0.9064682911550724,control
818.0,0.38046511627906976,0.9511627906976744,3.783137742365158,1.1627906976744187,0.9644320628480156,control
484.0,0.7278195488721805,0.9307692307692308,2.302852418441594,1.8421052631578947,0.9007952543346781,control
882.0,0.3834782608695652,0.9363057324840764,3.8361343290563408,1.0869565217391304,0.9654255087029824,control
461.0,0.6932330827067669,0.9238476953907816,2.34033708878788,1.8421052631578947,0.9041151574630699,control
1288.0,0.2650205761316872,0.8298969072164949,5.654166963885303,1.35,0.9842358905455709,control
1629.0,0.22540473225404734,0.7640712945590994,6.727702542622347,1.356164383561644,0.9888915018999802,control
1670.0,0.2261646803900325,0.7468694096601073,6.622392838658306,1.4647887323943662,0.9885333317944469,control
1707.0,0.23447802197802198,0.714524905818334,6.1912047672521835,1.4857142857142858,0.9868695287066105,control
634.0,0.34456521739130436,0.8637602179836512,3.7694224815063113,1.15,0.9641679423152832,control
1642.0,0.2367358708189158,0.7102076124567474,5.944997077038851,1.5,0.9857514119950039,control
796.0,0.3618181818181818,0.908675799086758,3.827674468085239,1.1363636363636365,0.9652697556556644,control
466.0,0.706060606060606,0.9588477366255144,1.4426843345539178,1.3636363636363635,0.7207911313656776,control
852.0,0.28940217391304346,0.891213389121339,4.774043793914346,1.391304347826087,0.9778159245609319,control
865.0,0.36871270247229326,0.9301075268817204,3.7869669851069605,1.108695652173913,0.9645052794078016,control
573.0,0.4775,0.9534109816971714,2.9132624262822615,1.3333333333333333,0.9392412335607028,control
830.0,0.3764172335600907,0.9263392857142857,3.6456431483233005,1.0888888888888888,0.961644163553837,control
695.0,0.40360046457607435,0.9303882195448461,3.3055397435539744,1.024390243902439,0.9531422579621941,control
488.0,0.5258620689655172,0.9625246548323472,2.556496769235085,1.103448275862069,0.9203225700397587,control
491.0,0.4871031746031746,0.8644366197183099,2.588801721989423,1.2857142857142858,0.922381947285902,control
514.0,0.45446507515473034,0.7547723935389133,2.745180890011055,1.3448275862068966,0.931291537803468,control
462.0,0.5900383141762452,0.8523985239852399,1.486388613385115,1.0740740740740742,0.7398502656327038,control
408.0,0.5862068965517241,0.951048951048951,2.175528951216855,1.2083333333333333,0.8880958403225706,control
487.0,0.6012345679012345,0.9624505928853755,2.1350012451876834,1.1111111111111112,0.8835251067409118,control
483.0,0.575,0.9507874015748031,2.0827474469875287,1.0714285714285714,0.8771945945048514,control
458.0,0.7339743589743589,0.9703389830508474,1.311287442193959,1.0833333333333333,0.6468593770528674,control
518.0,0.796923076923077,0.9810606060606061,1.2607405524780675,1.04,0.6089812630723331,control
575.0,0.7898351648351648,0.968013468013468,1.2383256577133346,1.0769230769230769,0.58981004561572,control
599.0,0.8228021978021978,0.9787581699346405,1.2321866054191424,1.0769230769230769,0.584261603803741,control
801.0,0.3652530779753762,0.8240740740740741,3.1886058278329594,1.186046511627907,0.9495496684341944,control
617.0,0.7879948914431673,0.9716535433070866,1.2675875706564663,1.0740740740740742,0.6145214267919242,control
1904.0,0.32118758434547906,0.5743589743589743,1.7100874010642397,1.0263157894736843,0.8112024334661296,control
627.0,0.8007662835249042,0.9751166407465007,1.2880240054728909,1.0740740740740742,0.6302613479468518,control
2136.0,0.3302411873840445,0.5964814297682212,1.6750829651222576,1.0909090909090908,0.8022521330037387,control
649.0,0.7726190476190476,0.9672131147540983,1.3165249198907754,1.0714285714285714,0.650419207528475,control
1863.0,0.34615384615384615,0.6003867225265872,1.2886542695621055,1.1304347826086956,0.6307288142512552,control
661.0,0.7897252090800478,0.9706314243759178,1.307459317826028,1.1481481481481481,0.6442177275838683,control
1097.0,0.38410364145658266,0.6624396135265701,2.352283408326615,1.0980392156862746,0.9051375418530909,control
668.0,0.7695852534562212,0.969521044992743,1.314420402328059,1.1071428571428572,0.6489962576783636,control
784.0,0.2850909090909091,0.7633885102239533,3.8396308856494095,1.1,0.9654895754249,control
648.0,0.8,0.9744360902255639,1.3128552540658622,1.1111111111111112,0.6479315189353918,control
659.0,0.48455882352941176,0.9127423822714681,2.657859743522123,1.1764705882352942,0.9265211940522347,control
621.0,0.7961538461538461,0.9764150943396226,1.3303008776818908,1.1538461538461537,0.6594942078480994,control
605.0,0.4700854700854701,0.9194528875379939,2.5614819361689527,1.1818181818181819,0.9206457606772159,control
571.0,0.7572944297082228,0.964527027027027,1.359683009939351,1.1153846153846154,0.6775621289118161,control
498.0,0.5020161290322581,0.9467680608365019,2.3565341899610246,1.032258064516129,0.9054973102465252,control
515.0,0.762962962962963,0.9680451127819549,1.3968919438535277,1.08,0.6982284763513041,control
790.0,0.30478395061728397,0.7552581261950286,4.65839201071215,1.125,0.9766874418572622,control
446.0,0.745819397993311,0.9695652173913043,1.4418088138852905,1.1304347826086956,0.7203861262299103,control
839.0,0.4076773566569485,0.9011815252416756,3.641277379140779,1.1666666666666667,0.961550293780867,control
766.0,0.4705159705159705,0.9284848484848485,3.0392064985251337,1.1891891891891893,0.9443183354051217,control
692.0,0.49927849927849927,0.9376693766937669,2.864914615962886,1.2727272727272727,0.9371038997913482,control
572.0,0.557504873294347,0.9300813008130081,2.705096753768199,1.4074074074074074,0.9291621009629607,control
424.0,0.5421994884910486,0.9098712446351931,2.6658553581808815,1.4782608695652173,0.9269786368857341,control
553.0,0.4850877192982456,0.8763866877971473,2.3653023911868454,1.2666666666666666,0.9062328516329118,control
488.0,0.5350877192982456,0.9494163424124513,2.816084306066857,1.5833333333333333,0.9348271795862116,control
640.0,0.5470085470085471,0.8976157082748948,1.9169724100416277,1.3,0.8531559672707166,control
429.0,0.5735294117647058,0.9575892857142857,2.5649572281656066,1.5454545454545454,0.9208698849251163,control
620.0,0.5938697318007663,0.9239940387481371,1.5898725251608015,1.2413793103448276,0.7774204741640511,control
590.0,0.6584821428571429,0.9424920127795527,1.3484704344979945,1.1428571428571428,0.6708633832956288,control
602.0,0.671875,0.940625,1.2193213605879967,1.1428571428571428,0.5721796138304748,control
624.0,0.6964285714285714,0.9454545454545454,1.1397678790110675,1.1428571428571428,0.47981144805840076,control
612.0,0.7311827956989247,0.9622641509433962,1.1355129439763523,1.1481481481481481,0.4737501985814463,control
600.0,0.7662835249042146,0.9646302250803859,1.2697650328653645,1.0740740740740742,0.6162542325413942,control
651.0,0.6363636363636364,0.9489795918367347,1.591551516766851,1.064516129032258,0.7779568488961479,control
728.0,0.5656565656565656,0.9381443298969072,1.9108176987073773,1.1818181818181819,0.8521263180651364,control
765.0,0.5487804878048781,0.9375,2.0565062147116775,1.2058823529411764,0.8738132852554278,control
773.0,0.5577200577200577,0.9473039215686274,2.1757456015478303,1.2727272727272727,0.8881195286423677,control
900.0,0.3978779840848806,0.8310249307479224,4.053940130707319,1.4871794871794872,0.9690986202759362,control
768.0,0.5412262156448203,0.9434889434889435,2.260241542899335,1.303030303030303,0.8968027502102234,control
926.0,0.4390706495969654,0.892960462873674,3.708360362828446,1.5405405405405406,0.9629553306883972,control
713.0,0.5476190476190477,0.9456233421750663,2.3673570137569153,1.3548387096774193,0.9064039420391229,control
852.0,0.4507936507936508,0.9122055674518201,3.606796569076764,1.542857142857143,0.9607965608289374,control
645.0,0.5424726661059714,0.9499263622974963,2.4428012083326824,1.4137931034482758,0.912370208534391,control
443.0,0.4321951219512195,0.917184265010352,4.074034543674871,1.64,0.9694074978755747,control
584.0,0.49158249158249157,0.948051948051948,3.1967905927150544,1.6296296296296295,0.9498144914858434,control
539.0,0.5602910602910602,0.9522968197879859,2.403981395495686,1.4230769230769231,0.9093753189965486,control
508.0,0.44405594405594406,0.9287020109689214,3.9842390132522794,1.6923076923076923,0.9679899497181469,control
462.0,0.6,0.9604989604989606,2.4581044444164597,1.5909090909090908,0.9135094362883618,control
512.0,0.5470085470085471,0.9588014981273408,2.5197734137722323,1.3846153846153846,0.9178786862433904,control
572.0,0.5521235521235521,0.9645868465430016,2.5997202107452178,1.3214285714285714,0.9230596747387545,control
494.0,0.5227513227513227,0.9481765834932822,2.7158125700358724,1.2962962962962963,0.9297410967881877,control
429.0,0.5471938775510204,0.8701825557809331,1.67604319951912,1.0,0.8025065319145578,control
401.0,0.802,0.9662650602409638,1.2366847429697874,1.25,0.5883401901820676,control
445.0,0.7491582491582491,0.956989247311828,1.241102007671727,1.2272727272727273,0.5922754720880182,control
434.0,0.7587412587412588,0.9601769911504425,1.2109330195668608,1.1818181818181819,0.5639491626113303,control
424.0,0.5506493506493506,0.9422222222222222,2.7918067012244197,1.5909090909090908,0.9336483365131667,control
505.0,0.5395299145299145,0.9404096834264432,2.9954978697811034,1.625,0.9426317656149553,control
530.0,0.53,0.9281961471103327,3.056961033451811,1.6,0.9449820249292535,control
527.0,0.5019047619047619,0.9197207678883071,3.3363554299607414,1.68,0.954024617896365,control
506.0,0.47069767441860466,0.8784722222222222,3.729933155324289,1.72,0.9633907216529886,control
426.0,0.4127906976744186,0.797752808988764,4.3953859281408025,1.7916666666666667,0.9737754386436559,control
473.0,0.5255555555555556,0.9536290322580645,2.7516448227763193,1.44,0.9316258009740078,control
500.0,0.5555555555555556,0.9560229445506692,2.638047152791955,1.44,0.9253687039061446,control
464.0,0.5458823529411765,0.9547325102880658,2.520489006637977,1.36,0.9179273941823172,control
424.0,0.6424242424242425,0.9658314350797267,2.215079074201956,1.65,0.8922958350705921,control
480.0,0.5491990846681922,0.9142857142857143,2.7667352408393957,1.6521739130434783,0.9323966011371294,control
452.0,0.6550724637681159,0.9617021276595744,1.9098361691412475,1.3043478260869565,0.8519610768125259,control
432.0,0.6428571428571429,0.9452954048140044,2.138028761080822,1.5238095238095237,0.8838763951360138,control
550.0,0.5365853658536586,0.8986928104575164,2.4467663754665656,1.64,0.9126675796830981,control
512.0,0.6666666666666666,0.9696969696969697,2.015447737533731,1.3333333333333333,0.868226725663059,control
447.0,0.645021645021645,0.9633620689655172,2.198022153914048,1.5714285714285714,0.8905147005619424,control
459.0,0.6830357142857143,0.9444444444444444,1.8025836018517438,1.5238095238095237,0.8320108951345109,control
555.0,0.6098901098901099,0.9618717504332756,2.1369532697447156,1.3461538461538463,0.8837517908000782,control
445.0,0.5949197860962567,0.9388185654008439,2.2916698218313005,1.5454545454545454,0.8997706936658555,control
587.0,0.6101871101871101,0.9560260586319218,2.271244778109132,1.4230769230769231,0.8978569947468907,control
430.0,0.6398809523809523,0.9576837416481069,2.194010901758886,1.5238095238095237,0.8900892623107507,control
611.0,0.5875,0.9591836734693877,2.487126491687081,1.5384615384615385,0.9156087456615771,control
466.0,0.5883838383838383,0.9529652351738241,2.1904079302170567,1.375,0.8897049577791069,control
655.0,0.5440199335548173,0.9479015918958031,2.6862849197236947,1.5357142857142858,0.9281279552671121,control
467.0,0.6432506887052342,0.9550102249488752,2.24695525240258,1.5,0.8955073661299755,control
712.0,0.5337331334332833,0.9531459170013387,3.0064248375620104,1.5862068965517242,0.943060591002268,control
451.0,0.663235294117647,0.9514767932489452,2.3678054800336463,1.7,0.9064412227691286,control
764.0,0.5029624753127058,0.9467162329615861,3.326385046151141,1.5806451612903225,0.9537419022202739,control
411.0,0.6555023923444976,0.9558139534883721,2.468515709976265,1.736842105263158,0.9142716135322133,control
813.0,0.4648370497427101,0.9302059496567505,3.6824729911198224,1.606060606060606,0.9624224592895816,control
848.0,0.42506265664160403,0.9318681318681319,3.9979376395648365,1.6285714285714286,0.9682125290236624,control
870.0,0.3985341273476867,0.9109947643979057,4.316167388609759,1.5945945945945945,0.9727903784879226,control
862.0,0.3718723037100949,0.8859198355601233,4.6127203595510915,1.605263157894737,0.9762178602747456,control
799.0,0.34829991281604183,0.8245614035087719,4.614100361022832,1.6756756756756757,0.9762322569881068,control
709.0,0.4571244358478401,0.9607046070460704,3.3897591266149867,1.4242424242424243,0.9554953347874047,control
772.0,0.4288888888888889,0.9334945586457074,3.537500511172605,1.3888888888888888,0.9592126584819478,control
684.0,0.4634146341463415,0.8085106382978723,2.2238172372013674,1.1388888888888888,0.8931911210992531,control
842.0,0.41807348560079444,0.9053763440860215,3.6601847163501677,1.394736842105263,0.961954342221198,control
717.0,0.4979166666666667,0.8279445727482679,2.2213517514852517,1.1111111111111112,0.8929396751437343,control
913.0,0.41070625281151596,0.8445883441258094,3.723868648564742,1.4615384615384615,0.9632691093600082,control
680.0,0.48364153627311524,0.794392523364486,2.280792381460229,1.027027027027027,0.8987584530566458,control
989.0,0.39246031746031745,0.7578544061302682,3.517764669692104,1.575,0.9587438411607139,control
674.0,0.4670824670824671,0.7556053811659192,2.217975863645127,1.054054054054054,0.8925939038913856,control
1073.0,0.3757002801120448,0.6761184625078765,3.055734187755481,1.619047619047619,0.9449365503551206,control
679.0,0.47152777777777777,0.7561247216035635,2.1447038405271437,1.1111111111111112,0.8846451808257425,control
1098.0,0.3546511627906977,0.6056260341974627,2.7396706849856782,1.6744186046511629,0.931004628104598,control
609.0,0.46136363636363636,0.7293413173652694,2.247267833564604,1.2121212121212122,0.8955381279687652,control
840.0,0.509090909090909,0.8442211055276382,2.302857866536364,1.5151515151515151,0.9007957495779498,control
838.0,0.4849537037037037,0.8765690376569037,2.6638774383129826,1.3333333333333333,0.9268658810108978,control
1081.0,0.3558262014483213,0.6370064820271066,2.4397118835660083,1.2653061224489797,0.9121374487443926,control
1190.0,0.37362637362637363,0.665176076020123,2.419834189002223,1.3265306122448979,0.9106169528167597,control
1240.0,0.3799019607843137,0.6595744680851063,2.3172390775353766,1.4166666666666667,0.902089952561889,control
1285.0,0.37181712962962965,0.6467035732259688,2.233105726248106,1.5,0.8941303269277106,control
402.0,0.7444444444444445,0.9548693586698337,1.6671712580036568,1.35,0.8001361662268602,control
1313.0,0.3572789115646258,0.6315536315536315,2.1240717386808163,1.530612244897959,0.8822432269980096,control
467.0,0.6949404761904762,0.9511201629327902,2.001250261657741,1.5238095238095237,0.8662056756724258,control
1282.0,0.348843537414966,0.6142788691902252,2.0149488934722446,1.530612244897959,0.8681565161670757,control
520.0,0.6753246753246753,0.9611829944547134,2.218618073594885,1.5909090909090908,0.8926598133949402,control
984.0,0.4452488687782805,0.7048710601719198,2.4031033497640344,1.911764705882353,0.9093057789048254,control
528.0,0.6666666666666666,0.9652650822669104,2.297681161074287,1.6363636363636365,0.9003234626540974,control
734.0,0.43049853372434016,0.7734457323498419,2.8720340020940602,1.7741935483870968,0.9374257313866624,control
452.0,0.6149659863945578,0.9515789473684211,2.4968618840760666,1.6666666666666667,0.916295565625572,control
435.0,0.6904761904761905,0.9602649006622517,2.318562894907323,1.9444444444444444,0.9022077851175015,control
465.0,0.6458333333333334,0.9451219512195121,2.521724986619976,1.8,0.9180114193617276,control
485.0,0.6123737373737373,0.9454191033138402,2.4841530687766253,1.6363636363636365,0.9153972591620585,control
846.0,0.4316326530612245,0.8554095045500506,3.8823909430881374,1.6,0.9662587789585566,control
458.0,0.5963541666666666,0.9621848739495799,2.331591581541891,1.3333333333333333,0.9033559717076939,control
533.0,0.5569487983281086,0.9142367066895368,2.0238686142257265,1.1379310344827587,0.8694032479629807,control
728.0,0.5416666666666666,0.9321382842509603,3.2203565692086484,1.7142857142857142,0.9505653372378174,control
504.0,0.6176470588235294,0.9636711281070746,2.256931838912335,1.4166666666666667,0.8964823742099509,control
651.0,0.5802139037433155,0.8979310344827586,1.7996764453733183,1.0303030303030303,0.8314126751438354,control
613.0,0.6081349206349206,0.9273827534039334,2.779221816877716,1.75,0.9330244590452881,control
525.0,0.6118881118881119,0.963302752293578,2.2484261260900866,1.2692307692307692,0.8956519972003006,control
742.0,0.5743034055727554,0.9037758830694276,1.6568911832855564,1.1176470588235294,0.7973327691246451,control
483.0,0.5933660933660934,0.9288461538461539,2.595496332710096,1.6818181818181819,0.9227985652713551,control
524.0,0.5881032547699214,0.9544626593806922,2.243773903962358,1.2222222222222223,0.8951934901894336,control
857.0,0.5902203856749312,0.8880829015544042,1.8309095219062108,1.3333333333333333,0.8376700331114657,control
405.0,0.6532258064516129,0.9597156398104265,2.1179253268460254,1.55,0.8815127713228477,control
482.0,0.6219354838709678,0.9620758483033932,2.1279178710489646,1.24,0.8826967907988935,control
946.0,0.5474537037037037,0.8783658310120706,2.1029430246020513,1.3333333333333333,0.87970271718673,control
427.0,0.6401799100449775,0.963882618510158,2.0343353182151533,1.2608695652173914,0.8708431182336721,control
979.0,0.5708454810495627,0.9031365313653137,2.226675317766086,1.4,0.8934814736161637,control
928.0,0.5987096774193549,0.9345417925478349,2.375349063779268,1.6129032258064515,0.9070649274984041,control
436.0,0.7582608695652174,0.9519650655021834,1.3693198373975388,1.0869565217391304,0.6831377158947293,control
860.0,0.6142857142857143,0.9429824561403509,2.5334122684161415,1.7857142857142858,0.9187995075730109,control
424.0,0.7681159420289855,0.9506726457399103,1.214180089750263,1.0434782608695652,0.5671695567532796,control
774.0,0.6201923076923077,0.9381818181818182,2.5987926669601813,1.8461538461538463,0.9230024517225972,control
727.0,0.6585144927536232,0.9392764857881137,2.747216460023022,2.0869565217391304,0.9313970688004874,control
426.0,0.7447552447552448,0.9681818181818181,1.5479161939490855,1.1818181818181819,0.763312182853015,control
717.0,0.5857843137254902,0.9251612903225807,3.1314708676026486,2.125,0.947640628731796,control
447.0,0.7525252525252525,0.9612903225806452,1.4795208007271294,1.2272727272727273,0.7369983711972139,control
686.0,0.5276923076923077,0.9074074074074074,3.545137460944504,2.08,0.9593919130869584,control
453.0,0.7810344827586206,0.9617834394904459,1.6254163768487135,1.45,0.7883500299485844,control
649.0,0.4303713527851459,0.9192634560906515,4.434740694706544,2.230769230769231,0.9742449437135121,control
408.0,0.7816091954022989,0.96,1.8006781028427399,1.6111111111111112,0.8316191669903111,control
547.0,0.38305322128851543,0.9286926994906621,4.9576442124662305,1.8214285714285714,0.9794455563402688,control
435.0,0.43154761904761907,0.9294871794871795,4.069626618358646,1.75,0.9693401422155352,control
407.0,0.8043478260869565,0.969047619047619,1.1897339900052335,1.0454545454545454,0.5417742760274764,control
413.0,0.7821969696969697,0.9627039627039627,1.2274398985779003,1.0909090909090908,0.5798772727202323,control
650.0,0.4368279569892473,0.8176100628930818,3.6198997399142216,1.5483870967741935,0.9610855975839899,control
457.0,0.5326340326340326,0.8891050583657587,3.159043719819176,1.7727272727272727,0.9485753283077312,control
806.0,0.4837935174069628,0.8430962343096234,3.160588461501643,1.4411764705882353,0.9486269446062973,control
458.0,0.5240274599542334,0.9105367793240556,3.1912209321326563,1.6521739130434783,0.9496345113140889,control
987.0,0.4351851851851852,0.8336148648648649,3.332458821745621,1.2857142857142858,0.9539144394461366,control
433.0,0.5467171717171717,0.9252136752136753,3.0664272048883046,1.6363636363636365,0.9453309943008311,control
671.0,0.3177083333333333,0.7912735849056604,4.978236906498933,1.0909090909090908,0.9796170189432276,control
1121.0,0.3877551020408163,0.8117306299782766,3.5900263079319763,1.2040816326530612,0.9604218766668065,control
404.0,0.5658263305322129,0.9330254041570438,2.877773652755309,1.619047619047619,0.9376833752574381,control
856.0,0.37217391304347824,0.8611670020120724,4.229885280145316,1.0869565217391304,0.9716526533478433,control
1142.0,0.3542183622828784,0.7768707482993197,3.8054607946912626,1.1923076923076923,0.9648557051624918,control
960.0,0.4,0.900562851782364,3.8857392267087474,1.0416666666666667,0.9663179155326398,control
655.0,0.5057915057915058,0.8875338753387534,2.2317043529755987,1.0571428571428572,0.8939894407702415,control
406.0,0.6506410256410257,0.9552941176470588,1.6729605017608136,1.0833333333333333,0.8016879771189992,control
1041.0,0.4164,0.9220549158547388,3.6771541332257276,1.0,0.962311541636628,control
1201.0,0.29875621890547266,0.6942196531791908,4.220661761783148,1.1166666666666667,0.9715268042077676,control
1092.0,0.42,0.9454545454545454,3.5928998785487383,1.04,0.9604864615894181,control
1404.0,0.31451612903225806,0.7289719626168224,4.300811009852426,1.1612903225806452,0.9725929811247611,control
1120.0,0.4307692307692308,0.9427609427609428,3.5002888670385435,1.04,0.9583218770945646,control
1413.0,0.3102766798418972,0.7104072398190046,4.097821954204372,1.0454545454545454,0.9697671605658563,control
1119.0,0.4302191464821223,0.9605150214592275,3.5093208208151947,1.0,0.9585407694670266,control
434.0,0.33487654320987653,0.906054279749478,4.370527631958158,1.0,0.9734721992714923,control
1334.0,0.3018099547511312,0.6958789775691184,4.142087770194295,1.0461538461538462,0.9704196937554811,control
1111.0,0.42730769230769233,0.9552880481513327,3.568118094308379,1.04,0.959924192047081,control
534.0,0.41235521235521233,0.9206896551724137,3.5592000945559974,1.0571428571428572,0.9597188916133254,control
1156.0,0.269589552238806,0.6568181818181819,4.726408779885007,1.046875,0.977361303968813,control
1080.0,0.39215686274509803,0.941586748038361,3.789020937380746,1.0588235294117647,0.9645444580290212,control
522.0,0.4264705882352941,0.9125874125874126,3.2951637422462947,1.0588235294117647,0.9528393834262867,control
436.0,0.6707692307692308,0.960352422907489,1.5640819795819922,1.04,0.7689136199727898,control
516.0,0.583710407239819,0.9084507042253521,1.9901669419285282,1.3076923076923077,0.8645944058982217,control
605.0,0.42160278745644597,0.8002645502645502,3.185163893224727,1.1714285714285715,0.9494376700709772,control
1056.0,0.36923076923076925,0.9127052722558341,4.02450480335732,1.0576923076923077,0.9686375974581123,control
427.0,0.7530864197530864,0.9660633484162896,1.4523436105652003,1.2857142857142858,0.7251961876629852,control
418.0,0.5679347826086957,0.8912579957356077,1.9617256014198203,1.391304347826087,0.8603194440434896,control
661.0,0.46288515406162467,0.8356510745891277,3.088368369200766,1.2352941176470589,0.9461270676337812,control
1036.0,0.34350132625994695,0.9040139616055847,4.340139536730422,1.1153846153846154,0.9730942699960602,control
577.0,0.6164529914529915,0.8548148148148148,1.700658922522896,1.3846153846153846,0.8088555613969872,control
637.0,0.4357045143638851,0.8032786885245902,3.170401572875401,1.2647058823529411,0.9489530168426978,control
984.0,0.3153846153846154,0.846815834767642,4.666219467107246,1.1538461538461537,0.9767665180653261,control
753.0,0.5536764705882353,0.7976694915254238,1.450521151703654,1.1764705882352942,0.7243738343446444,control
671.0,0.5033758439609902,0.9558404558404558,3.058162747734845,1.3870967741935485,0.9450265128098156,control
789.0,0.5242524916943522,0.747867298578199,1.501280791776269,1.2285714285714286,0.7458643122412687,control
660.0,0.529270248596632,0.9620991253644315,2.9777039767079208,1.4827586206896552,0.9419228927419383,control
562.0,0.669047619047619,0.9493243243243243,1.985229628772212,1.4583333333333333,0.8638669428339886,control
650.0,0.5527210884353742,0.9572901325478645,2.803419323803189,1.5,0.9342162154364039,control
696.0,0.3611831862999481,0.6609686609686609,2.812806141657759,1.146341463414634,0.9346698690413137,control
543.0,0.7051948051948052,0.9526315789473684,2.1495485119105147,1.5909090909090908,0.8851982607244001,control
655.0,0.5508830950378469,0.9548104956268222,2.7669208398468124,1.4137931034482758,0.9324059989387835,control
710.0,0.39444444444444443,0.7193515704154002,2.772760662509981,1.125,0.9327006869987148,control
867.0,0.37893356643356646,0.8210227272727273,4.032152736549615,1.1818181818181819,0.9687583737655315,control
571.0,0.6533180778032036,0.9376026272577996,2.3229055107663337,1.6521739130434783,0.9025927993095678,control
705.0,0.5168621700879765,0.9463087248322147,2.8803067894138836,1.4193548387096775,0.9377965718000388,control
680.0,0.4054859868813357,0.748898678414097,2.8000839992756963,1.1025641025641026,0.9340538700967431,control
961.0,0.3941755537325677,0.85650623885918,3.8298432169394956,1.1521739130434783,0.9653097849182966,control
583.0,0.6625,0.9328,2.4638880044727767,1.8181818181818181,0.9139341043834784,control
755.0,0.4934640522875817,0.9461152882205514,2.876519832355651,1.3235294117647058,0.9376272308993897,control
644.0,0.41335044929396664,0.7911547911547911,2.676006820378245,1.0789473684210527,0.9275532021813849,control
957.0,0.3841830590124448,0.8358078602620087,3.917143106483713,1.127659574468085,0.966865031297722,control
517.0,0.7558479532163743,0.9486238532110092,1.9737312653496186,1.894736842105263,0.8621491338550887,control
760.0,0.5049833887043189,0.9405940594059405,2.6495519072553715,1.2285714285714286,0.9260412519348031,control
567.0,0.5211397058823529,0.8513513513513513,2.128709415441658,1.0625,0.8827898017299011,control
847.0,0.33934294871794873,0.7658227848101266,4.306635524524715,1.0833333333333333,0.9726681052146511,control
487.0,0.7378787878787879,0.9586614173228346,1.7660846348954051,1.65,0.8242512148972604,control
798.0,0.540650406504065,0.9545454545454546,2.4932587788506475,1.1388888888888888,0.916042368560762,control
509.0,0.5850574712643678,0.9089285714285714,1.7941387140765985,1.0344827586206897,0.8302638862690347,control
446.0,0.7136,0.9674620390455532,1.6861117607092648,1.0,0.8051431703797499,control
434.0,0.7614035087719299,0.9601769911504425,1.6100695171973727,1.5789473684210527,0.783738303169786,control
857.0,0.5514800514800515,0.9629213483146067,2.3798307994975327,1.135135135135135,0.907432471891037,control
441.0,0.6523668639053254,0.930379746835443,1.5520275130016183,1.0,0.7647572837521891,control
438.0,0.7008,0.9690265486725663,1.6869478780682359,1.0,0.8053596184583581,control
904.0,0.5390578413834228,0.9689174705251876,2.4773805243497304,1.1025641025641026,0.9149125278739818,control
440.0,0.4573804573804574,0.9361702127659575,3.367240996012259,1.4230769230769231,0.9548839979423024,control
439.0,0.6753846153846154,0.9669603524229075,1.8421606406245004,1.04,0.8398356028748433,control
900.0,0.5353955978584176,0.9584664536741214,2.407923525746123,1.0,0.9096865285765529,control
596.0,0.47794707297514033,0.946031746031746,3.394367515743266,1.4827586206896552,0.9556189013711142,control
683.0,0.398018648018648,0.9058355437665783,3.886411911243619,1.1282051282051282,0.9663297774536524,control
877.0,0.5629011553273428,0.9574235807860262,2.389107094106142,1.0789473684210527,0.9081861886372934,control
1089.0,0.3490384615384615,0.7328398384925976,5.239556845432764,2.051282051282051,0.9816180774673924,control
401.0,0.7924901185770751,0.9524940617577197,1.08135381742534,1.0454545454545454,0.3805345618313127,control
677.0,0.4143206854345165,0.9261285909712722,3.6247554401644635,1.131578947368421,0.9611918901775317,control
852.0,0.5080500894454383,0.9393605292171996,2.491436331268078,1.1025641025641026,0.9159138563917631,control
783.0,0.4565597667638484,0.9388489208633094,3.432715701679654,1.4,0.9566273245289083,control
507.0,0.580091533180778,0.8203883495145631,1.8206228667062647,1.6521739130434783,0.8356498226171218,control
626.0,0.4362369337979094,0.937125748502994,3.311813474868369,1.1714285714285715,0.9533239620147188,control
717.0,0.5857843137254902,0.9598393574297188,2.1705813996110774,1.0588235294117647,0.8875527748814487,control
444.0,0.6218487394957983,0.9507494646680942,2.1399360790533133,1.619047619047619,0.8840968683995829,control
834.0,0.4633333333333333,0.936026936026936,3.422877841727151,1.3888888888888888,0.9563719530345464,control
623.0,0.7261072261072261,0.9175257731958762,2.054774978549307,1.7727272727272727,0.8735851707199737,control
550.0,0.46452702702702703,0.9433962264150944,3.0509135942972305,1.15625,0.9447573161216577,control
627.0,0.6320564516129032,0.9705882352941176,2.033207342562724,1.032258064516129,0.8706891284514372,control
653.0,0.6439842209072978,0.9477503628447025,2.088324982986122,1.5,0.8778952771546558,control
877.0,0.45582120582120583,0.927061310782241,3.5012244208926324,1.4054054054054055,0.9583446315519775,control
664.0,0.7545454545454545,0.9273743016759777,2.114603777770316,1.8181818181818181,0.8811151215916969,control
677.0,0.41997518610421836,0.7955346650998825,4.039029181429921,1.6774193548387097,0.9688663687284121,control
498.0,0.523109243697479,0.9576923076923077,2.607417647505725,1.2142857142857142,0.9235320638679373,control
531.0,0.6555555555555556,0.968978102189781,1.8833628833357574,1.1111111111111112,0.8473936753239858,control
792.0,0.6285714285714286,0.9553679131483716,2.2667691871317768,1.4,0.8974301796182629,control
877.0,0.44722080571137174,0.9202518363064008,3.6456022505960597,1.4324324324324325,0.9616432858059085,control
678.0,0.71898197242842,0.9199457259158752,2.2498915263010857,1.7826086956521738,0.8957957849245604,control
828.0,0.46464646464646464,0.8799149840595112,3.8171411342537653,1.6363636363636365,0.9650743434420325,control
482.0,0.598014888337469,0.964,2.27329884542665,1.1923076923076923,0.8980519700860277,control
438.0,0.6759259259259259,0.9711751662971175,1.7947950897306026,1.125,0.8304006888245072,control
836.0,0.59375,0.9478458049886621,2.4269334177517345,1.375,0.9111645738653333,control
838.0,0.4083820662768031,0.9010752688172043,3.96432891628359,1.4210526315789473,0.9676622283066093,control
675.0,0.6540697674418605,0.8940397350993378,2.358277979374116,1.7916666666666667,0.9056442937326764,control
678.0,0.47712878254750174,0.9199457259158752,3.3268801750987467,1.6896551724137931,0.953756003863636,control
478.0,0.6128205128205129,0.9540918163672655,2.068849478932848,1.1538461538461537,0.8754214313350104,control
866.0,0.5537084398976982,0.9341963322545846,2.6467071313843387,1.3529411764705883,0.9258758124759319,control
776.0,0.3617715617715618,0.8709315375982043,4.651507503465371,1.4102564102564104,0.9766175561640648,control
658.0,0.6977730646871686,0.897680763983629,2.4130952173988494,1.7826086956521738,0.9100923346377321,control
516.0,0.5578378378378378,0.945054945054945,2.8207153311943642,1.48,0.9350484315813176,control
473.0,0.6757142857142857,0.971252566735113,1.8543395492169483,1.12,0.8421293663734609,control
884.0,0.5261904761904762,0.9424307036247335,2.866564137861286,1.3714285714285714,0.9371786897009892,control
595.0,0.2977977977977978,0.827538247566064,5.262675766140665,1.4594594594594594,0.9817807215722975,control
623.0,0.6906873614190687,0.8836879432624114,2.497735587321964,1.8636363636363635,0.9163567869035041,control
472.0,0.6742857142857143,0.9613034623217923,1.752145001944319,1.12,0.8211384692224922,control
417.0,0.6619047619047619,0.9564220183486238,2.026012133609597,1.4285714285714286,0.8697001379391405,control
420.0,0.6363636363636364,0.9459459459459459,2.4170609284296534,1.65,0.9104016267746502,control
905.0,0.5027777777777778,0.9446764091858038,3.0657623993415277,1.3888888888888888,0.9453065959981344,control
538.0,0.6897435897435897,0.8663446054750402,2.60660723628588,1.95,0.9234825375750717,control
457.0,0.7052469135802469,0.9641350210970464,1.659650137983897,1.125,0.7980912293224183,control
482.0,0.6443850267379679,0.964,2.264614056699676,1.5454545454545454,0.8972236793318475,control
433.0,0.656060606060606,0.9537444933920705,2.378678074392193,1.65,0.907338150239907,control
471.0,0.7548076923076923,0.9592668024439919,1.1223396427628989,1.0833333333333333,0.45401138544262404,control
924.0,0.48966613672496023,0.9506172839506173,3.2495671375893904,1.3783783783783783,0.9514726583754136,control
575.0,0.5476190476190477,0.9551495016611296,2.8290249207192257,1.68,0.9354425805209828,control
421.0,0.7016666666666667,0.967816091954023,1.5914895166084706,1.0416666666666667,0.7779370789227813,control
414.0,0.6272727272727273,0.9605568445475638,2.4884542520474753,1.65,0.915702922942128,control
495.0,0.7615384615384615,0.9611650485436893,1.1124720463142843,1.04,0.4381559127691038,control
925.0,0.4681174089068826,0.9448416751787538,3.3960737389368716,1.368421052631579,0.955664519429524,control
641.0,0.4565527065527066,0.8865836791147994,4.12774769141957,1.9259259259259258,0.970210648311123,control
666.0,0.4955357142857143,0.9380281690140845,3.3602190108462984,1.7142857142857142,0.9546907607150308,control
463.0,0.7716666666666666,0.9706498951781971,1.1005769609419203,1.0416666666666667,0.417636200517601,control
900.0,0.4437869822485207,0.9336099585062241,3.56173600014168,1.3333333333333333,0.9597774318701694,control
664.0,0.5018896447467877,0.9299719887955182,3.4939051447901974,1.8148148148148149,0.9581661100561916,control
625.0,0.5463286713286714,0.9571209800918836,2.9152561306350857,1.6923076923076923,0.9393269924837075,control
433.0,0.7530434782608696,0.9643652561247216,1.154445399238062,1.0869565217391304,0.49966834465623805,control
464.0,0.61133069828722,0.9488752556237219,2.3261638844316286,1.434782608695652,0.9028801632173103,control
872.0,0.42186744073536525,0.9073881373569199,3.889427449913135,1.358974358974359,0.9663828751751595,control
667.0,0.5344551282051282,0.9225449515905948,3.1104215740453687,1.8461538461538463,0.9469096370909601,control
614.0,0.5949612403100775,0.959375,2.7794999177929824,1.7916666666666667,0.933038341662379,control
590.0,0.597165991902834,0.9562398703403565,2.4573465637283385,1.4615384615384615,0.9134535505517611,control
788.0,0.3648148148148148,0.8303477344573235,4.349287657255984,1.35,0.9732088922353281,control
606.0,0.5509090909090909,0.9209726443768997,2.66940895006244,1.76,0.9271805539769519,control
601.0,0.5680529300567108,0.9494470774091627,2.8511947647424707,2.0,0.9364765634491271,control
777.0,0.4862327909887359,0.936144578313253,2.9692094831907023,1.3823529411764706,0.9415797947755536,control
578.0,0.5351851851851852,0.9045383411580594,2.4355196324628268,1.2,0.9118200775848836,control
518.0,0.5995370370370371,0.9592592592592593,2.2516809498616035,1.1851851851851851,0.8959709546544414,control
465.0,0.6326530612244898,0.9393939393939394,1.918765235273545,1.6666666666666667,0.8534538032880359,control
647.0,0.33856619570905283,0.9177304964539007,4.832285420767561,1.2564102564102564,0.978353335596308,control
567.0,0.5727272727272728,0.945,2.8333493333237922,2.0454545454545454,0.9356462647916188,control
1531.0,0.39766233766233766,0.6013354281225451,2.030549564548272,1.54,0.8703251685328358,control
561.0,0.5527093596059113,0.9151712887438825,2.3710362308810566,1.206896551724138,0.9067091232103177,control
851.0,0.35165289256198345,0.9053191489361702,4.4164442366642644,1.25,0.9740282548370217,control
493.0,0.6177944862155389,0.948076923076923,2.576837037629163,1.8095238095238095,0.9216287819065783,control
1611.0,0.4211764705882353,0.638019801980198,1.9109903948652467,1.4705882352941178,0.8521553619466861,control
437.0,0.5252403846153846,0.8501945525291829,2.4999555429387144,1.2307692307692308,0.9165120344787416,control
413.0,0.7648148148148148,0.9627039627039627,1.4807649085409618,1.35,0.7375187594035805,control
1410.0,0.21695645483920603,0.7401574803149606,7.471519131347697,1.4477611940298507,0.9910027390453608,control
427.0,0.646969696969697,0.953125,2.4481652799744675,1.65,0.9127721240732802,control
1651.0,0.4227912932138284,0.6686917780477927,1.8522239825412024,1.290909090909091,0.841734613199305,control
475.0,0.7296466973886329,0.9595959595959596,1.6489688062203818,1.4761904761904763,0.7951295487130101,control
525.0,0.68359375,0.9442446043165468,1.7664958465874263,1.3333333333333333,0.8243417455835889,control
1736.0,0.2112950340798442,0.6799843321582452,7.420159235830416,1.3164556962025316,0.9908771805318056,control
462.0,0.8076923076923077,0.9685534591194969,1.2056399221959513,1.1818181818181819,0.5586031779530779,control
1664.0,0.41579210394802596,0.6842105263157895,1.8519130442554896,1.1896551724137931,0.8416764641156015,control
582.0,0.6953405017921147,0.9525368248772504,1.5854949925167328,1.1481481481481481,0.7760122344495812,control
475.0,0.7296466973886329,0.9595959595959596,1.614711210161923,1.4761904761904763,0.7851498836042229,control
1960.0,0.19047619047619047,0.5643535847970055,5.680068028060554,1.0714285714285714,0.9843804692733406,control
401.0,0.7580340264650284,0.9685990338164251,1.1965408434746807,1.0,0.5491215929212167,control
1577.0,0.4129353233830846,0.674508126603935,1.9201726992918178,1.1754385964912282,0.8536869636895217,control
560.0,0.7427055702917772,0.9671848013816926,1.4993696444885123,1.1153846153846154,0.7451052113300645,control
455.0,0.7583333333333333,0.9639830508474576,1.5931094932094065,1.5,0.7784527185747265,control
2020.0,0.19833087874324987,0.5794606999426276,5.27630303689402,1.0824742268041236,0.9818755785430348,control
411.0,0.7828571428571428,0.9739336492890995,1.3651299787525843,1.1904761904761905,0.6807336957932857,control
1398.0,0.4058055152394775,0.6469227209625174,2.0874167866779336,1.2264150943396226,0.8777816049550348,control
482.0,0.7761674718196457,0.9678714859437751,1.4738664260724317,1.173913043478261,0.7346119134114374,control
402.0,0.7976190476190477,0.9640287769784173,1.577233578727349,1.5555555555555556,0.7733154188838955,control
1903.0,0.20107776838546068,0.5796527566250381,5.697524235762109,1.1428571428571428,0.9844767870833434,control
429.0,0.717391304347826,0.9387308533916849,1.4871459373919271,1.1304347826086956,0.7401616648949431,control
1171.0,0.3464497041420118,0.5825870646766169,2.3003113896345644,1.25,0.9005638559911585,control
1649.0,0.1887591575091575,0.5561551433389544,6.187130135182663,1.2380952380952381,0.9868521132090476,control
466.0,0.6986506746626686,0.9357429718875502,1.6554268288450382,1.2608695652173914,0.7969283694270205,control
621.0,0.5192307692307693,0.7129735935706085,2.4008653883089903,1.7692307692307692,0.9091281659145876,control
638.0,0.44584206848357794,0.843915343915344,4.251585913565516,1.962962962962963,0.9719454580433335,control
760.0,0.43304843304843305,0.7684529828109201,2.0130116937989895,1.1538461538461537,0.8678833170775796,control
473.0,0.7413793103448276,0.9347826086956522,1.5567244443666208,1.3181818181818181,0.766390940192911,control
409.0,0.6885521885521886,0.9761336515513126,1.5308097836068417,1.2272727272727273,0.7571431239488904,control
514.0,0.5788288288288288,0.8566666666666667,2.0608473301510277,1.5416666666666667,0.8743825020864325,control
679.0,0.39707602339181286,0.7840646651270208,4.806118784085744,1.9,0.9781143420324621,control
542.0,0.5211538461538462,0.7900874635568513,1.9395238416134943,1.5384615384615385,0.8568351487126157,control
412.0,0.6634460547504025,0.9603729603729604,1.5528076186685476,1.173913043478261,0.7650298843631925,control
493.0,0.6116625310173698,0.9266917293233082,1.5479563776323153,1.1923076923076923,0.7633263761819418,control
402.0,0.7282608695652174,0.9686746987951808,1.2752829876683802,1.0434782608695652,0.6205843654963417,control
476.0,0.5063829787234042,0.8947368421052632,4.407199369222692,2.35,0.9739177195757874,control
403.0,0.5997023809523809,0.9460093896713615,2.275069717385839,1.5238095238095237,0.8982196064877501,control
736.0,0.5310245310245311,0.9064039408866995,2.3603535390858505,1.2727272727272727,0.905818786609544,control
651.0,0.458128078817734,0.9326647564469914,3.486598068767065,1.6896551724137931,0.9579867299738942,control
784.0,0.5311653116531165,0.8939566704675028,2.372063789932873,1.1388888888888888,0.9067940846055256,control
432.0,0.453781512605042,0.9473684210526315,3.1613833316753053,1.2142857142857142,0.9486534739808605,control
695.0,0.40219907407407407,0.8709273182957393,4.107298752974052,1.6875,0.9699086743426248,control
506.0,0.7666666666666667,0.9619771863117871,1.7611276395410438,1.65,0.823154118090256,control
537.0,0.4146718146718147,0.7479108635097493,2.9148185050775948,1.0571428571428572,0.9393081838230569,control
423.0,0.47052280311457173,0.9591836734693877,2.975647255749193,1.0689655172413792,0.9418401014457066,control
546.0,0.78,0.9680851063829787,1.805669692525024,1.75,0.8326423095291389,control
508.0,0.7257142857142858,0.9530956848030019,1.853643559265265,1.75,0.8419996680451635,control
431.0,0.7482638888888888,0.9493392070484582,1.9299848170350036,1.7777777777777777,0.8552965527377889,control
414.0,0.5098522167487685,0.9627906976744186,2.7818019802164993,1.0357142857142858,0.9331530913788619,control
415.0,0.478110599078341,0.9161147902869757,2.8288191463597814,1.1071428571428572,0.9354328639406488,control
423.0,0.7663043478260869,0.9724137931034482,1.1191602855406426,1.0434782608695652,0.4490093455838574,control
402.0,0.5521978021978022,0.9617224880382775,2.490337275853082,1.0769230769230769,0.9158362099717323,control
433.0,0.5148632580261593,0.9433551198257081,2.5840374711922154,1.0,0.9220833692146875,control
401.0,0.701048951048951,0.975669099756691,1.5994928441925857,1.1818181818181819,0.7804660450901143,control
438.0,0.7657342657342657,0.9647577092511013,1.2260765265048024,1.1818181818181819,0.5786023632961116,control
671.0,0.5181467181467182,0.9154160982264665,2.738375595942746,1.0571428571428572,0.9309369299977873,control
677.0,0.49488304093567254,0.9099462365591398,2.8875123983650073,1.0555555555555556,0.9381168624947934,control
401.0,0.7425925925925926,0.9616306954436451,1.978876667230768,1.6666666666666667,0.862921961312489,control
496.0,0.40522875816993464,0.8225538971807629,3.3416036652371046,1.0588235294117647,0.9541723855380189,control
884.0,0.46041666666666664,0.775438596491228,3.1219585203782994,1.875,0.9473121883596576,control
755.0,0.4821200510855683,0.8473625140291807,2.899660215912797,1.8620689655172413,0.9386511956934275,control
560.0,0.5925925925925926,0.9671848013816926,2.0367683672136225,1.2962962962962963,0.8711743120058754,control
625.0,0.5448997384481256,0.9527439024390244,2.283207043357824,1.1935483870967742,0.8989845070664999,control
532.0,0.5037878787878788,0.8636363636363636,3.0116349498237978,1.8333333333333333,0.9432633508441186,control
739.0,0.4939839572192513,0.9260651629072681,2.672879956279892,1.2941176470588236,0.9273769593311967,control
763.0,0.4498820754716981,0.8800461361014994,3.613577503360147,1.65625,0.9609465416956977,control
782.0,0.48271604938271606,0.9146198830409357,2.8148721020017247,1.25,0.9347690762013193,control
911.0,0.3893162393162393,0.8651471984805318,3.9886800001908225,1.5384615384615385,0.9680623650627342,control
797.0,0.44277777777777777,0.9267441860465117,3.0522351887752173,1.125,0.9448065421495122,control
1023.0,0.32008760951188986,0.8317073170731707,4.176151289414039,1.446808510638298,0.9709074817827418,control
807.0,0.4187856772184743,0.9297235023041475,3.4312524900713326,1.146341463414634,0.9565894857437068,control
1157.0,0.316986301369863,0.8199858256555634,4.4536019379084975,1.46,0.9744654822748499,control
738.0,0.376530612244898,0.9,4.194728981636919,1.225,0.9711684192451058,control
1307.0,0.306375996249414,0.7892512077294686,4.774487134769734,1.462962962962963,0.9778200909520351,control
543.0,0.2750759878419453,0.7880986937590712,5.897213268133077,1.119047619047619,0.9855178669684302,control
1331.0,0.28985191637630664,0.741917502787068,4.900159652515196,1.4642857142857142,0.9789552600241744,control
432.0,0.7513043478260869,0.972972972972973,1.484421287202998,1.0869565217391304,0.739038488822041,control
572.0,0.8148148148148148,0.9744463373083475,1.1672511626093243,1.0384615384615385,0.5157923300655668,control
934.0,0.45383867832847424,0.9386934673366835,3.140922302377667,1.1666666666666667,0.9479639037450882,control
709.0,0.8149425287356322,0.9752407152682255,1.058873943520166,1.0344827586206897,0.3288002814959597,control
908.0,0.454,0.9284253578732107,3.0194051357655622,1.25,0.9435637122263125,control
808.0,0.7898338220918866,0.9723225030084236,1.1213007543849718,1.064516129032258,0.4523876702306009,control
931.0,0.45637254901960783,0.9263681592039801,3.0082467148185112,1.275,0.9431316170225134,control
655.0,0.7528735632183908,0.9618208516886931,1.11243245217234,1.0344827586206897,0.43809026943103596,control
973.0,0.46778846153846154,0.916195856873823,2.9937168880759306,1.3,0.9425614075314375,control
440.0,0.7333333333333333,0.9649122807017544,1.3236750534620763,1.0416666666666667,0.6551804468820228,control
548.0,0.6088888888888889,0.8712241653418124,2.040772039895635,1.44,0.8717164556804908,control
1034.0,0.4585365853658537,0.8807495741056218,3.0223607458578483,1.3414634146341464,0.9436773305248966,control
477.0,0.7066666666666667,0.9464285714285714,1.2944051349323875,1.08,0.6349470592954228,control
560.0,0.5517241379310345,0.8931419457735247,2.035148546419672,1.206896551724138,0.8709539634355544,control
1037.0,0.45165505226480834,0.8591549295774648,3.0617878002629793,1.3658536585365855,0.9451603836856428,control
465.0,0.7175925925925926,0.9451219512195121,1.3297355590590956,1.125,0.6591297648669892,control
430.0,0.6125356125356125,0.9534368070953437,1.975239128218552,1.0384615384615385,0.8623763089493024,control
984.0,0.45555555555555555,0.8504753673293,3.1498970906997057,1.35,0.9482680852786524,control
426.0,0.7123745819397993,0.9466666666666667,1.3673243352908389,1.1304347826086956,0.681996567132285,control
403.0,0.6489533011272142,0.9549763033175356,1.6683587396437018,1.173913043478261,0.8004560349285214,control
897.0,0.4371345029239766,0.8359739049394221,3.4001398715876987,1.4210526315789473,0.955772947237962,control
452.0,0.7533333333333333,0.9658119658119658,1.2096735465200583,1.0416666666666667,0.5626880543195804,control
433.0,0.672360248447205,0.9686800894854586,1.7857883368691854,1.2173913043478262,0.8285083026243502,control
710.0,0.3620601733809281,0.74501573976915,3.868736161031333,1.4324324324324325,0.9660159815795766,control
553.0,0.7877492877492878,0.968476357267951,1.0631084692596326,1.0384615384615385,0.33941206503341625,control
452.0,0.6726190476190477,0.9699570815450643,1.8961824020331237,1.1666666666666667,0.8496323682566254,control
572.0,0.7566137566137566,0.9678510998307953,1.0398240024701306,1.037037037037037,0.274099954770025,control
454.0,0.6755952380952381,0.961864406779661,1.8603116390707084,1.1666666666666667,0.8432354819604201,control
509.0,0.7854938271604939,0.967680608365019,1.1510928339723152,1.125,0.49526901673450396,control
492.0,0.640625,0.9283018867924528,1.9050844091653552,1.3333333333333333,0.8511570425549668,control
443.0,0.6292613636363636,0.9526881720430107,2.0545668734642306,1.4545454545454546,0.873557707121481,control
617.0,0.6176176176176176,0.9448698315467075,1.9553726995544571,1.3703703703703705,0.8593359775470482,control
503.0,0.6045673076923077,0.9599236641221374,2.2231598456661175,1.2307692307692308,0.8931241648186644,control
460.0,0.6609195402298851,0.968421052631579,1.9306965356306074,1.2083333333333333,0.855412233293332,control
646.0,0.29363636363636364,0.7374429223744292,4.68078855051575,1.375,0.9769126291739078,control
495.0,0.6521739130434783,0.9500959692898272,1.9571650566765184,1.434782608695652,0.859614529183263,control
627.0,0.6276276276276276,0.9485627836611196,1.969035436596076,1.3703703703703705,0.8614379252536142,control
1180.0,0.3347517730496454,0.8188757807078417,5.366696140799869,1.5957446808510638,0.9824863860096039,control
556.0,0.5450980392156862,0.9686411149825784,2.39451410815748,1.1333333333333333,0.908621198753941,control
482.0,0.4462962962962963,0.8992537313432836,2.8040939382019117,1.2,0.9342489781346139,control
452.0,0.5039018952062431,0.874274661508704,3.2270904648446055,1.6956521739130435,0.9507767658197203,control
503.0,0.6549479166666666,0.9454887218045113,1.8424311186488709,1.3333333333333333,0.8398871075022218,control
513.0,0.64125,0.9412844036697248,1.8866709284237722,1.28,0.8479763039883543,control
1325.0,0.3466771323914181,0.8428753180661578,5.255260403948485,1.5918367346938775,0.9817287903935358,control
493.0,0.6071428571428571,0.9666666666666667,2.116692479932016,1.0357142857142858,0.8813654165368057,control
483.0,0.46,0.8895027624309392,2.7016994161123375,1.1666666666666667,0.928977020396973,control
524.0,0.6822916666666666,0.9475587703435805,1.6178490279033917,1.3333333333333333,0.7860958256522995,control
1348.0,0.34564102564102567,0.8462021343377275,5.11153504309187,1.56,0.9806765910064066,control
445.0,0.6339031339031339,0.9694989106753813,2.0081627474216854,1.0384615384615385,0.8671956303439717,control
474.0,0.4647058823529412,0.8960302457466919,2.5707996141281857,1.1333333333333333,0.9212444966769981,control
569.0,0.705955334987593,0.9499165275459098,1.4053477660104252,1.1923076923076923,0.7026175964623791,control
1361.0,0.34213172448466567,0.8401234567901235,5.129966244378181,1.5294117647058822,0.9808165493430521,control
470.0,0.5994897959183674,0.9631147540983607,2.0068737150137936,1.0,0.8670118858376417,control
481.0,0.4580952380952381,0.8907407407407407,2.601094014945732,1.1666666666666667,0.9231443099682878,control
579.0,0.6917562724014337,0.9384116693679092,1.3367050368969111,1.1481481481481481,0.6635767627541819,control
426.0,0.6574074074074074,0.9638009049773756,1.9279133530342054,1.125,0.8549590445427858,control
1422.0,0.3172690763052209,0.8286713286713286,5.361648326730447,1.537037037037037,0.9824530988899938,control
541.0,0.5817204301075268,0.9507908611599297,2.027494637895529,1.0333333333333334,0.8699048637972675,control
457.0,0.43773946360153254,0.8754789272030651,2.8489849984522984,1.2413793103448276,0.9363746345043228,control
480.0,0.6857142857142857,0.916030534351145,1.335265364120288,1.12,0.6626662920505755,control
509.0,0.6081242532855436,0.9640151515151515,2.0820066631642686,1.1481481481481481,0.8771010667273329,control
1483.0,0.3115546218487395,0.8197899391929243,5.511046394715233,1.5178571428571428,0.9833994808311278,control
603.0,0.5894428152492669,0.9556259904912837,1.9973664835240923,1.064516129032258,0.8656444525352208,control
558.0,0.5636363636363636,0.9587628865979382,2.288809020142552,1.1,0.8995059793180056,control
1575.0,0.28064861012116893,0.7816377171215881,5.6998466326317185,1.5081967213114753,0.9844895339700956,control
612.0,0.5982404692082112,0.9577464788732394,2.0451375862825203,1.064516129032258,0.8723035959097827,control
467.0,0.7001499250374813,0.9530612244897959,1.7452952888228235,1.2608695652173914,0.8195770789227688,control
404.0,0.37407407407407406,0.8096192384769539,3.238727414457315,1.2,0.9511389256559108,control
651.0,0.5038699690402477,0.9380403458213257,2.572944973944996,1.1176470588235294,0.9213813782298433,control
1568.0,0.27639696809448266,0.765625,5.864322846074495,1.5245901639344261,0.9853537529247018,control
707.0,0.5331825037707391,0.9489932885906041,2.404077873419909,1.1470588235294117,0.9093829549542508,control
519.0,0.7158620689655173,0.9664804469273743,1.8234903442231565,1.16,0.8362169012792252,control
470.0,0.3969594594594595,0.8592321755027422,3.300580087061403,1.15625,0.9529978543995518,control
729.0,0.48214285714285715,0.9181360201511335,2.7784779690377794,1.1666666666666667,0.932987305139413,control
1470.0,0.2692307692307692,0.7431749241658241,6.126580256518767,1.5166666666666666,0.9865891692195999,control
416.0,0.6753246753246753,0.9585253456221198,1.858489679367352,1.2727272727272727,0.8428993129008561,control
1280.0,0.4524566984800283,0.764179104477612,3.0722150394868075,1.6829268292682926,0.9455427121007618,control
527.0,0.6730523627075351,0.9705340699815838,1.9206813468673245,1.0740740740740742,0.853771084514321,control
404.0,0.5212903225806451,0.7890625,1.8313785652175918,1.24,0.8377612234479034,control
563.0,0.4265151515151515,0.8866141732283465,3.1276270367941637,1.2121212121212122,0.9475082842010383,control
714.0,0.4883720930232558,0.9049429657794676,2.672636767600409,1.2647058823529411,0.9273632248841338,control
419.0,0.6198224852071006,0.9676674364896074,1.9783050592358922,1.0,0.8628364388269046,control
472.0,0.6619915848527349,0.9711934156378601,1.9935129618968577,1.3478260869565217,0.8650839935522315,control
862.0,0.46344086021505376,0.9359391965255157,3.986194345399746,1.935483870967742,0.9680218641242809,control
1265.0,0.4263565891472868,0.7295271049596309,3.1069097586931766,1.6046511627906976,0.9467861761232026,control
455.0,0.6241426611796982,0.9362139917695473,2.0320876626533644,1.0,0.8705359905077036,control
456.0,0.5448028673835126,0.8099467140319716,1.629987281588777,1.1481481481481481,0.7896933836521469,control
661.0,0.43716931216931215,0.9092159559834938,2.8787899301506714,1.1666666666666667,0.9377288264853373,control
575.0,0.5008710801393729,0.8505917159763313,2.8255239632954154,1.4642857142857142,0.9352769636510283,control
506.0,0.6588541666666666,0.9656488549618321,1.9803919565635038,1.3333333333333333,0.8631482757743864,control
777.0,0.4709090909090909,0.9305389221556887,3.7790040020381057,1.8333333333333333,0.9643527679560826,control
414.0,0.6369230769230769,0.9605568445475638,1.7601176541541308,1.04,0.822929267271006,control
676.0,0.7511111111111111,0.9049531459170014,2.957245345035594,2.7777777777777777,0.9410913161693357,control
447.0,0.49888392857142855,0.7801047120418848,1.6478948592379634,1.1428571428571428,0.794827960451336,control
696.0,0.4496124031007752,0.9038961038961039,2.7666318504061937,1.1944444444444444,0.9323913651034496,control
552.0,0.6308571428571429,0.965034965034965,2.0418415242666748,1.4,0.8718606799994706,control
715.0,0.449685534591195,0.9154929577464789,3.9051363983519587,1.7666666666666666,0.9666574459158073,control
461.0,0.6221322537112011,0.9408163265306122,2.6697827557394596,2.0526315789473686,0.9272017444212574,control
680.0,0.46258503401360546,0.9152086137281292,2.600203725779736,1.2,0.9230894785781659,control
618.0,0.6186186186186187,0.9596273291925466,2.2228201517009283,1.3703703703703705,0.893089541245247,control
635.0,0.42108753315649866,0.8881118881118881,4.167871429811089,1.793103448275862,0.970790036439525,control
461.0,0.6272108843537415,0.9524793388429752,2.5035033444581134,1.6666666666666667,0.9167592307961334,control
644.0,0.4856711915535445,0.9147727272727273,2.3685247470249218,1.1470588235294117,0.9065009675885369,control
665.0,0.5683760683760684,0.9554597701149425,2.4175427571321957,1.3,0.9104390945635686,control
449.0,0.593915343915344,0.9472573839662447,2.7548279499298793,1.7142857142857142,0.9317894992534244,control
620.0,0.4944178628389155,0.9158050221565731,2.2600678413793,1.1515151515151516,0.8967859739073956,control
686.0,0.5532258064516129,0.9541029207232267,2.568365332546463,1.2903225806451613,0.9210887405525751,control
621.0,0.4683257918552036,0.8973988439306358,2.3078440853442204,1.1470588235294117,0.9012474245139931,control
720.0,0.5113636363636364,0.9486166007905138,2.83535700496598,1.375,0.9357404965608843,control
410.0,0.5256410256410257,0.859538784067086,2.33741756280056,1.1538461538461537,0.9038627354461145,control
639.0,0.4698529411764706,0.8987341772151899,2.394313861569404,1.1764705882352942,0.9086051445647306,control
750.0,0.49407114624505927,0.9493670886075949,3.07376093730653,1.393939393939394,0.9455990504557302,control
813.0,0.37813953488372093,0.8943894389438944,4.081644560261966,1.1627906976744187,0.9695232592444766,control
494.0,0.43031358885017423,0.7553516819571865,2.1175848389104575,1.4642857142857142,0.881472103029742,control
642.0,0.4585714285714286,0.8879668049792531,2.4628583046263732,1.1428571428571428,0.9138587301170559,control
760.0,0.4755944931163955,0.9382716049382716,3.242369324601447,1.3823529411764706,0.9512514390779775,control
1036.0,0.4343815513626834,0.9032258064516129,3.3625932006555836,1.1777777777777778,0.9547562356354551,control
546.0,0.4642857142857143,0.7766714082503556,2.1193938534865957,1.5,0.8816879279728228,control
640.0,0.445993031358885,0.8864265927977839,2.5427577694449424,1.1714285714285715,0.9194214058156155,control
745.0,0.44717887154861946,0.9141104294478528,3.483485857550164,1.4411764705882353,0.957909975604751,control
1127.0,0.43597678916827853,0.8874015748031496,3.1268796073238843,1.1702127659574468,0.9474824910775231,control
546.0,0.4642857142857143,0.7924528301886793,2.1789768307798485,1.5,0.8884719151148547,control
616.0,0.44,0.8812589413447782,2.622458012636763,1.1428571428571428,0.9244424287215491,control
692.0,0.41536614645858344,0.865,3.9098656284862123,1.4411764705882353,0.9667394437626233,control
1136.0,0.4409937888198758,0.8854247856586126,3.1712326392537333,1.2173913043478262,0.9489804876329814,control
499.0,0.462037037037037,0.7971246006389776,2.2592629624631386,1.4814814814814814,0.8967081831141803,control
578.0,0.4473684210526316,0.8797564687975646,2.47743556900167,1.1176470588235294,0.9149164846547206,control
1092.0,0.4431818181818182,0.9138075313807531,3.3348739212076124,1.2727272727272727,0.9539827745336097,control
424.0,0.7066666666666667,0.9636363636363636,1.5549709567062582,1.0416666666666667,0.7657831920889404,control
474.0,0.5208791208791209,0.8633879781420765,2.2340901460206477,1.3461538461538463,0.8942291231987826,control
542.0,0.48392857142857143,0.8943894389438944,2.2311528674742305,1.09375,0.8939339186274828,control
1041.0,0.458994708994709,0.936993699369937,3.2958274607182925,1.2857142857142858,0.9528588458789712,control
470.0,0.7532051282051282,0.9670781893004116,1.4374315727584934,1.0833333333333333,0.7183466975003446,control
493.0,0.5417582417582417,0.8947368421052632,2.122240820974641,1.3461538461538463,0.8820263626576156,control
515.0,0.5034213098729228,0.8987783595113438,2.0779797002626035,1.064516129032258,0.8765907151780787,control
977.0,0.46724055475848875,0.9467054263565892,3.174453296539715,1.2439024390243902,0.9490867348121702,control
436.0,0.7290969899665551,0.9646017699115044,1.3746646904950077,1.1304347826086956,0.686160561840784,control
521.0,0.5675381263616558,0.9124343257443083,2.0168127687708965,1.2592592592592593,0.8684185509277174,control
537.0,0.5244140625,0.8979933110367893,1.9865669118097962,1.0,0.8640645742176837,control
868.0,0.4542124542124542,0.9548954895489549,3.2158054213596987,1.2564102564102564,0.9504216622014612,control
414.0,0.75,0.965034965034965,1.4395694513540334,1.0434782608695652,0.719345817012215,control
496.0,0.5610859728506787,0.9084249084249084,2.040383570682593,1.3076923076923077,0.8716640069526594,control
545.0,0.5160984848484849,0.8790322580645161,2.010105264589762,1.03125,0.8674717848477681,control
502.0,0.5997610513739546,0.963531669865643,2.176111054232648,1.1481481481481481,0.888159469392678,control
514.0,0.7321937321937322,0.9643527204502814,1.5304401752706198,1.0384615384615385,0.7570069805949586,control
444.0,0.555,0.8933601609657947,2.094274927654825,1.28,0.8786359728407404,control
507.0,0.5110887096774194,0.8941798941798942,2.129689434041734,1.032258064516129,0.8829048022355072,control
572.0,0.7846364883401921,0.9645868465430016,1.3429112299311328,1.0,0.667454192601105,control
412.0,0.5722222222222222,0.9135254988913526,2.0680522891460917,1.25,0.8753185268102625,control
462.0,0.48125,0.90234375,2.318411213190923,1.0666666666666667,0.9021942949952239,control
575.0,0.7887517146776406,0.9712837837837838,1.2664127515546066,1.0,0.6135807581486038,control
414.0,0.575,0.9059080962800875,2.067764645279487,1.25,0.8752813643646712,control
435.0,0.48333333333333334,0.9177215189873418,2.4011775157038477,1.0,0.9091529694011679,control
542.0,0.8017751479289941,0.9695885509838998,1.2227831240271259,1.0,0.5754932762955022,control
498.0,0.7980769230769231,0.9688715953307393,1.2742355020304104,1.0833333333333333,0.6197690076092359,control
414.0,0.7840909090909091,0.971830985915493,1.314355276500134,1.0909090909090908,0.6489520644981697,control
424.0,0.6424242424242425,0.9443207126948775,2.1226252304947195,1.65,0.8820719452866094,control
407.0,0.814,0.9713603818615751,1.2336712299177568,1.25,0.5856158338697787,control
407.0,0.7752380952380953,0.969047619047619,1.193879132918655,1.1904761904761905,0.5462752463765194,control
418.0,0.7916666666666666,0.9653579676674365,1.2395316091149664,1.0909090909090908,0.5908842419729737,control
441.0,0.7669565217391304,0.9713656387665198,1.284201051632568,1.0869565217391304,0.6274035658137436,control
423.0,0.7395104895104895,0.9657534246575342,1.2912656689700157,1.1818181818181819,0.6326547432249752,control
422.0,0.7377622377622378,0.9590909090909091,1.277062594941873,1.1818181818181819,0.6219625689846939,control
436.0,0.7622377622377622,0.9646017699115044,1.2622771702329354,1.1818181818181819,0.6102368414993911,control
450.0,0.7525083612040134,0.9594882729211087,1.2093913649705317,1.1304347826086956,0.5624045773628483,control
474.0,0.7632850241545893,0.9693251533742331,1.1954644300358597,1.173913043478261,0.5479745803673941,control
440.0,0.7692307692307693,0.967032967032967,1.216853157840952,1.1818181818181819,0.5697878252082097,control
428.0,0.7482517482517482,0.9683257918552036,1.3152413608915428,1.1818181818181819,0.6495525247605225,control
430.0,0.7239057239057239,0.9641255605381166,1.3404930355727362,1.2272727272727273,0.6659524657196071,control
447.0,0.7525252525252525,0.9675324675324676,1.4521609821287382,1.2272727272727273,0.7251139612588507,control
516.0,0.7926267281105991,0.9626865671641791,1.5511335694142905,1.4761904761904763,0.7644442778872881,control
557.0,0.8037518037518038,0.9670138888888888,1.5527188994546706,1.5714285714285714,0.7649989078636945,control
569.0,0.8210678210678211,0.9759862778730704,1.5448993038009147,1.5714285714285714,0.7622426590793739,control
546.0,0.65,0.9176470588235294,1.6514650217106739,1.4583333333333333,0.7958278308279761,control
506.0,0.6133333333333333,0.9084380610412927,1.7396883246151773,1.32,0.8182829694857604,control
496.0,0.6666666666666666,0.9483747609942639,1.7101586133266076,1.2916666666666667,0.8112199859584152,control
513.0,0.7194950911640954,0.9624765478424016,1.7152726963657547,1.3478260869565217,0.8124738191763916,control
501.0,0.7026647966339411,0.9597701149425287,1.624668360037732,1.3478260869565217,0.7881288940932382,control
460.0,0.7553366174055829,0.9643605870020965,1.5606867010542622,1.380952380952381,0.767754942430569,control
419.0,0.7920604914933838,0.9676674364896074,1.0254423776444825,1.0,0.22137446888737874,control
422.0,0.7992424242424242,0.9678899082568807,1.1537187000460292,1.0909090909090908,0.4987212908872764,control
510.0,0.816,0.9714285714285714,1.0710530733703127,1.0,0.35815915470243154,control
415.0,0.7859848484848485,0.9540229885057471,1.1344091752059864,1.0909090909090908,0.47215388459273305,control
476.0,0.7041420118343196,0.952,1.3172425805187324,1.0,0.6509021799107974,control
637.0,0.732183908045977,0.9636913767019667,1.2509406646698136,1.0344827586206897,0.6008012603250197,control
599.0,0.7130952380952381,0.9344773790951638,1.302403711624097,1.0714285714285714,0.6406763191520422,control
494.0,0.48289345063538613,0.9592233009708738,2.8624389090316784,1.064516129032258,0.9369913963690548,control
519.0,0.64875,0.8357487922705314,1.3626842381031727,1.28,0.6793161670097789,control
551.0,0.4803836094158675,0.9565972222222222,2.9784190049744375,1.1935483870967742,0.9419516336352671,control
624.0,0.7188940092165899,0.8914285714285715,1.1783307715977598,1.1071428571428572,0.5289417385211671,control
534.0,0.5114942528735632,0.9621621621621622,2.7748571154023525,1.2413793103448276,0.9328060016540279,control
450.0,0.6923076923076923,0.8982035928143712,1.2744042803346827,1.04,0.6199005922747695,control
499.0,0.54004329004329,0.9614643545279383,2.547880258171211,1.1785714285714286,0.9197592067456642,control
467.0,0.5579450418160096,0.9589322381930184,2.4264259711021596,1.1481481481481481,0.9111256007168035,control
458.0,0.5111607142857143,0.9541666666666667,2.60354804294841,1.1428571428571428,0.9232951414573107,control
412.0,0.47685185185185186,0.9406392694063926,2.9957762869772186,1.1851851851851851,0.9426427527348373,control
137.0,0.7611111111111111,0.958041958041958,1.4742125070790835,1.25,0.7347589918470065,exp
168.0,0.75,0.9491525423728814,1.4193918673137549,1.1428571428571428,0.709677110484221,exp
149.0,0.7163461538461539,0.9490445859872612,1.5106650931310242,1.2307692307692308,0.749539085125885,exp
122.0,0.7261904761904762,0.953125,1.5981451322190405,1.1666666666666667,0.7800434125429542,exp
184.0,0.832579185520362,0.9735449735449735,1.2602683071135519,1.3076923076923077,0.6085939440697297,exp
236.0,0.7763157894736842,0.959349593495935,1.1953158476747532,1.1875,0.5478158204895479,exp
262.0,0.7705882352941177,0.9703703703703703,1.1927663512405644,1.1764705882352942,0.5450751885522077,exp
285.0,0.6705882352941176,0.9163987138263665,1.2927493447896097,1.4705882352941178,0.6337411805704565,exp
274.0,0.7611111111111111,0.9681978798586572,1.1073754109514273,1.1111111111111112,0.42956461328554524,exp
271.0,0.7506925207756233,0.9609929078014184,1.091132120538484,1.0,0.4000821116922537,exp
270.0,0.7479224376731302,0.9540636042402827,1.053633287325409,1.0,0.31498449275126744,exp
133.0,0.7556818181818182,0.9432624113475178,1.4282420329988426,1.4545454545454546,0.7139845631801729,exp
186.0,0.7815126050420168,0.9489795918367347,1.2654226537772033,1.2142857142857142,0.6127848337137084,exp
235.0,0.8159722222222222,0.9631147540983607,1.102050395933467,1.125,0.42026909424138315,exp
190.0,0.7450980392156863,0.9405940594059405,1.1408316840916881,1.1333333333333333,0.4813044465257667,exp
149.0,0.764102564102564,0.9612903225806452,1.2112146477253374,1.1538461538461537,0.5642302336225087,exp
142.0,0.7244897959183674,0.9403973509933775,1.2358164258986395,1.0,0.5875585281895389,exp
103.0,0.8583333333333333,0.9809523809523809,1.2176096689966005,1.2,0.5705235281835438,exp
107.0,0.6948051948051948,0.9385964912280702,1.8361467829357225,1.2727272727272727,0.8386837287226571,exp
143.0,0.8125,0.9533333333333334,1.4936319738820854,1.4545454545454546,0.7428039734867279,exp
117.0,0.609375,0.9285714285714286,1.8801372934945584,1.3333333333333333,0.8468222161751726,exp
159.0,0.803030303030303,0.9520958083832335,1.5594375075992108,1.6363636363636365,0.7673262924486081,exp
105.0,0.6363636363636364,0.9375,1.8995922452247853,1.3636363636363635,0.850219239485093,exp
150.0,0.8522727272727273,0.9803921568627451,1.460771625407838,1.4545454545454546,0.7289474052574088,exp
148.0,0.7708333333333334,0.961038961038961,1.3547341565692206,1.3333333333333333,0.6746342175951214,exp
159.0,0.828125,0.9754601226993865,1.355946392921458,1.3333333333333333,0.6753555608265487,exp
186.0,0.7815126050420168,0.9587628865979382,1.2909783153848162,1.2142857142857142,0.6324436761569834,exp
190.0,0.7983193277310925,0.9644670050761421,1.1987030162938725,1.2142857142857142,0.551409085710945,exp
184.0,0.7666666666666667,0.9583333333333334,1.063709756903783,1.0666666666666667,0.34088205541779265,exp
145.0,0.7967032967032966,0.9666666666666667,1.0532716899479275,1.0769230769230769,0.3140010030826257,exp
115.0,0.7371794871794872,0.9583333333333334,1.2692183982971843,1.0833333333333333,0.6158205215224064,exp
119.0,0.7628205128205128,0.9754098360655737,1.3005012255429191,1.0833333333333333,0.6393278045779212,exp
130.0,0.7692307692307693,0.9629629629629629,1.0477583123789995,1.0,0.29847139795438377,exp
145.0,0.8055555555555556,0.9602649006622517,1.3954826371846756,1.25,0.6974864694341163,exp
131.0,0.7197802197802198,0.9492753623188406,1.0744582477163305,1.0769230769230769,0.36577937280750156,exp
198.0,0.7443609022556391,0.9252336448598131,1.4239967800632198,1.3571428571428572,0.7119316347030638,exp
120.0,0.7692307692307693,0.975609756097561,1.1469080473098732,1.0833333333333333,0.48966708831117667,exp
238.0,0.7933333333333333,0.9596774193548387,1.3429479273444127,1.3333333333333333,0.6674768937001634,exp
251.0,0.7470238095238095,0.9400749063670412,1.2906310406605022,1.3125,0.6321883134748204,exp
249.0,0.778125,0.9467680608365019,1.2617015179912983,1.25,0.609767313097673,exp
241.0,0.8456140350877193,0.9757085020242915,1.2279735833847645,1.2666666666666666,0.5803744127645926,exp
229.0,0.8481481481481481,0.9744680851063829,1.2077255125570525,1.2,0.56072409309414,exp
183.0,0.8798076923076923,0.9891891891891892,1.240853882935887,1.2307692307692308,0.5920562246517901,exp
151.0,0.7259615384615384,0.9617834394904459,1.6913086283369523,1.2307692307692308,0.8064823665266514,exp
171.0,0.7184873949579832,0.95,1.592713926111928,1.2142857142857142,0.77832698597538,exp
148.0,0.7047619047619048,0.9548387096774194,1.6426211803048467,1.0714285714285714,0.7933367177516828,exp
102.0,0.8429752066115702,0.9622641509433962,1.1245383757256522,1.0,0.4574141634459942,exp
129.0,0.8269230769230769,0.9626865671641791,1.1708335003914099,1.0833333333333333,0.5201212974093143,exp
124.0,0.7948717948717948,0.9612403100775194,1.0963019855809975,1.0833333333333333,0.4098400000941929,exp
154.0,0.7897435897435897,0.9625,1.2291110581638078,1.1538461538461537,0.581430423693367,exp
178.0,0.7946428571428571,0.956989247311828,1.1457632354665708,1.1428571428571428,0.4881125983248834,exp
111.0,0.7762237762237763,0.9487179487179487,1.2023492973426275,1.1818181818181819,0.5552176920305861,exp
211.0,0.7814814814814814,0.9461883408071748,1.2134242231803745,1.2,0.5664238394911529,exp
201.0,0.7976190476190477,0.9617224880382775,1.32752820358584,1.2857142857142858,0.6577003472986509,exp
156.0,0.7647058823529411,0.9454545454545454,1.6700649198438664,1.4166666666666667,0.8009142074135862,exp
101.0,0.7769230769230769,0.9351851851851852,1.2583335902483967,1.3,0.607000008349602,exp
124.0,0.7948717948717948,0.9538461538461539,1.136860830490548,1.0833333333333333,0.4756860343480134,exp
120.0,0.7692307692307693,0.9523809523809523,1.1797192266315506,1.0833333333333333,0.5305409254097029,exp
130.0,0.7738095238095238,0.9285714285714286,1.2037148772914652,1.1666666666666667,0.556628510240832,exp
143.0,0.7333333333333333,0.959731543624161,1.2083461263904816,1.1538461538461537,0.5613515587081778,exp
137.0,0.7527472527472527,0.9647887323943662,1.1653343477838987,1.0769230769230769,0.5134444673265279,exp
116.0,0.7435897435897436,0.943089430894309,1.3892568014605322,1.0833333333333333,0.694171834758896,exp
101.0,0.7651515151515151,0.9619047619047619,1.1015778529743563,1.0909090909090908,0.4194276528818947,exp
111.0,0.7762237762237763,0.940677966101695,1.1611067541966176,1.1818181818181819,0.5081861596858004,exp
119.0,0.7628205128205128,0.9296875,1.150769402259907,1.0833333333333333,0.49484048658066726,exp
110.0,0.7051282051282052,0.9482758620689655,1.3274411528800059,1.0833333333333333,0.6576437658116928,exp
138.0,0.7582417582417582,0.9583333333333334,1.3361500985158186,1.0769230769230769,0.6632263079231788,exp
143.0,0.7295918367346939,0.9533333333333334,1.3309272034095718,1.0,0.659897203478692,exp
130.0,0.7142857142857143,0.9420289855072463,1.3518852594176265,1.0769230769230769,0.6729282639496397,exp
143.0,0.7857142857142857,0.9662162162162162,1.1768950077251992,1.0769230769230769,0.5272769777680079,exp
172.0,0.819047619047619,0.9772727272727273,1.1532786139267344,1.0714285714285714,0.4981460111633612,exp
185.0,0.7708333333333334,0.9685863874345549,1.1341952806361306,1.0666666666666667,0.47184337667915327,exp
178.0,0.7416666666666667,0.9468085106382979,1.1798521323428353,1.0666666666666667,0.5306934546020057,exp
127.0,0.7514792899408284,0.9548872180451128,1.3072838346326876,1.0,0.6440958154760345,exp
157.0,0.7008928571428571,0.9457831325301205,1.2536551022631248,1.1428571428571428,0.6030973984357826,exp
146.0,0.7487179487179487,0.954248366013072,1.3116308074281544,1.1538461538461537,0.6470946669075295,exp
140.0,0.717948717948718,0.9523809523809523,1.4077360832437344,1.1538461538461537,0.7038380985685805,exp
140.0,0.7777777777777778,0.958904109589041,1.3517888321597455,1.25,0.6728702574397638,exp
116.0,0.6904761904761905,0.9747899159663865,1.6032819577517587,1.1666666666666667,0.7816473637125647,exp
107.0,0.8492063492063492,0.981651376146789,1.537195364673997,1.5555555555555556,0.7594759341562782,exp
163.0,0.8358974358974359,0.9644970414201184,1.1640132462828658,1.1538461538461537,0.511813217368263,exp
125.0,0.7440476190476191,0.9615384615384616,1.2889541879362831,1.1666666666666667,0.6309509012333611,exp
175.0,0.8333333333333334,0.9776536312849162,1.1112538494099966,1.0714285714285714,0.43612850439298506,exp
286.0,0.7447916666666666,0.9694915254237289,1.6495509181922945,1.5,0.7952927249205969,exp
140.0,0.8284023668639053,0.9722222222222222,1.086646157875528,1.0,0.3913009579179363,exp
404.0,0.7332123411978222,0.957345971563981,1.7575775510395348,1.5263157894736843,0.8223617822181043,exp
440.0,0.7719298245614035,0.9691629955947136,1.7544219227774713,1.5789473684210527,0.8216527964294958,exp
443.0,0.7771929824561403,0.9672489082969432,1.754995232429167,1.5789473684210527,0.8217819337629075,exp
428.0,0.7508771929824561,0.963963963963964,1.707183039007105,1.5789473684210527,0.8104843642086114,exp
391.0,0.8045267489711934,0.9799498746867168,1.6229914139671682,1.5,0.7876318012980343,exp
324.0,0.7941176470588235,0.972972972972973,1.5108935293803425,1.411764705882353,0.749627462695008,exp
177.0,0.7564102564102564,0.9365079365079365,1.461118885810048,1.3846153846153846,0.7291001659964765,exp
124.0,0.8051948051948052,0.9612403100775194,1.2255608438481775,1.2727272727272727,0.5781182964305785,exp
144.0,0.8,0.96,1.2781737884550008,1.25,0.6228186671439744,exp
139.0,0.7722222222222223,0.9586206896551724,1.3249580821256133,1.25,0.6560230460461,exp
120.0,0.7142857142857143,0.96,1.3227585626198826,1.1666666666666667,0.6545763946026903,exp
224.0,0.7777777777777778,0.9613733905579399,1.162176810048309,1.125,0.5095276708043681,exp
176.0,0.7333333333333333,0.9617486338797814,1.167117135284852,1.0666666666666667,0.5156288860050109,exp
274.0,0.848297213622291,0.9647887323943662,1.110651092918481,1.1176470588235294,0.43511938214686624,exp
214.0,0.7867647058823529,0.963963963963964,1.175627621498802,1.0625,0.5257979766412069,exp
298.0,0.8254847645429363,0.9738562091503268,1.038143400797453,1.0,0.26857756161833085,exp
229.0,0.7951388888888888,0.9621848739495799,1.1997378581713563,1.125,0.5524962001800865,exp
299.0,0.8282548476454293,0.9739413680781759,1.0436553791980037,1.0,0.2861973432653295,exp
232.0,0.7631578947368421,0.9547325102880658,1.1969024046342673,1.1875,0.549505637829112,exp
297.0,0.868421052631579,0.9769736842105263,1.0560568918427504,1.0555555555555556,0.3214731869562348,exp
223.0,0.7743055555555556,0.9612068965517241,1.1813646051217035,1.125,0.5324225529246535,exp
298.0,0.8713450292397661,0.9802631578947368,1.0546648084283052,1.0555555555555556,0.3177678470912386,exp
192.0,0.8067226890756303,0.96,1.2534106091461743,1.2142857142857142,0.6028915506743868,exp
297.0,0.8227146814404432,0.9674267100977199,1.0244659585667233,1.0,0.21723951531818278,exp
170.0,0.7589285714285714,0.9550561797752809,1.2599071000968582,1.1428571428571428,0.608297234107527,exp
131.0,0.7797619047619048,0.9562043795620438,1.1416822385540453,1.1666666666666667,0.48249184551173596,exp
288.0,0.7977839335180056,0.96,1.0298779285483295,1.0,0.2391247076298853,exp
166.0,0.7980769230769231,0.9595375722543352,1.3201470295194366,1.2307692307692308,0.6528451605931624,exp
119.0,0.7628205128205128,0.9596774193548387,1.0799176897632694,1.0833333333333333,0.377532096275146,exp
180.0,0.8035714285714286,0.9625668449197861,1.2807809401857797,1.1428571428571428,0.6248139875768867,exp
271.0,0.8364197530864198,0.9748201438848921,1.0112088337559837,1.0,0.14847999458723024,exp
174.0,0.7310924369747899,0.9456521739130435,1.2659463793664205,1.2142857142857142,0.6132062100351009,exp
237.0,0.7745098039215687,0.9634146341463414,1.0402314853923618,1.0588235294117647,0.27541827998430457,exp
169.0,0.8125,0.9712643678160919,1.2322890015053145,1.2307692307692308,0.584355264551069,exp
168.0,0.8,0.9491525423728814,1.112083928442352,1.0714285714285714,0.43751172223613494,exp
165.0,0.746606334841629,0.953757225433526,1.4313712373198744,1.3076923076923077,0.7154823807332084,exp
119.0,0.7041420118343196,0.9596774193548387,1.4467127159836917,1.0,0.722642248226935,exp
103.0,0.7803030303030303,0.9626168224299065,1.0601744985270907,1.0909090909090908,0.3321091873178493,exp
168.0,0.717948717948718,0.9438202247191011,1.7034821334819605,1.3846153846153846,0.809563100409741,exp
182.0,0.7137254901960784,0.9479166666666666,1.2508955963228476,1.1333333333333333,0.600762936576243,exp
105.0,0.7954545454545454,0.9545454545454546,1.207673147586533,1.0909090909090908,0.5606710735849172,exp
165.0,0.6680161943319838,0.953757225433526,1.8967747768258327,1.4615384615384615,0.8497345787742234,exp
230.0,0.7958477508650519,0.9745762711864406,1.1015835428658427,1.0,0.41943780116834284,exp
108.0,0.7552447552447552,0.9557522123893806,1.2158102791199992,1.1818181818181819,0.5687698133333828,exp
248.0,0.7251461988304093,0.9429657794676806,1.0657369602926026,1.0555555555555556,0.34577396619507905,exp
174.0,0.8365384615384616,0.9720670391061452,1.2557024132178376,1.2307692307692308,0.604813653348691,exp
235.0,0.7253086419753086,0.9475806451612904,1.0816372508142642,1.0,0.3811229272135988,exp
205.0,0.8613445378151261,0.9715639810426541,1.2081691791569449,1.2142857142857142,0.5611728279370571,exp
190.0,0.7916666666666666,0.9844559585492227,1.1500277002027512,1.0666666666666667,0.4938549969910563,exp
212.0,0.8313725490196079,0.9636363636363636,1.1606447348805775,1.1333333333333333,0.5076046878873312,exp
141.0,0.7747252747252747,0.9657534246575342,1.2762636773527283,1.0769230769230769,0.6213449444344729,exp
206.0,0.8174603174603174,0.944954128440367,1.275607281921275,1.2857142857142858,0.6208361708688196,exp
190.0,0.811965811965812,0.9547738693467337,1.3969531883143622,1.3846153846153846,0.6982606531070037,exp
175.0,0.8101851851851852,0.9562841530054644,1.5433357614462577,1.5,0.7616853009129418,exp
143.0,0.8411764705882353,0.959731543624161,1.6810809466526877,1.7,0.8038327618147102,exp
111.0,0.7708333333333334,0.9568965517241379,1.1174208302483157,1.0,0.4462306540391867,exp
208.0,0.8125,0.9904761904761905,1.0415404385709712,1.0,0.27960079097388235,exp
229.0,0.7923875432525952,0.9581589958158996,1.030540985933157,1.0,0.24164740605277651,exp
187.0,0.8348214285714286,0.9639175257731959,1.1130111690027127,1.1428571428571428,0.4390480549752477,exp
113.0,0.7902097902097902,0.9576271186440678,1.1846078982371702,1.1818181818181819,0.53608945513794,exp
160.0,0.7692307692307693,0.963855421686747,1.3623520337827157,1.2307692307692308,0.6791228062798293,exp
191.0,0.7958333333333333,0.9597989949748744,1.2714416906918113,1.0666666666666667,0.6175791483997787,exp
153.0,0.7285714285714285,0.9386503067484663,1.3742394875265973,1.0714285714285714,0.6859218591652648,exp
149.0,0.7967914438502673,0.9551282051282052,1.646809527823697,1.5454545454545454,0.7945224588949595,exp
223.0,0.7824561403508772,0.9653679653679653,1.2695764846832343,1.2666666666666666,0.6161047323432436,exp
238.0,0.7368421052631579,0.9482071713147411,1.1467746190470438,1.1176470588235294,0.4894864054156324,exp
191.0,0.7490196078431373,0.9597989949748744,1.1509782407532232,1.1333333333333333,0.4951172704375586,exp
110.0,0.7692307692307693,0.9565217391304348,1.2139913416678505,1.1818181818181819,0.5669835653770471,exp
123.0,0.8601398601398601,0.9609375,1.1638248180747852,1.1818181818181819,0.5115796752507091,exp
124.0,0.7948717948717948,0.96875,1.279934587811583,1.0833333333333333,0.6241682872380816,exp
136.0,0.8242424242424242,0.9714285714285714,1.32911654414696,1.3636363636363635,0.658729940351327,exp
174.0,0.7310924369747899,0.9560439560439561,1.2213338388864987,1.2142857142857142,0.5741117488454994,exp
199.0,0.77734375,0.961352657004831,1.0323431259146458,1.0,0.24835073058925633,exp
209.0,0.7256944444444444,0.95,1.122467017141614,1.125,0.4542097543637577,exp
205.0,0.803921568627451,0.9534883720930233,1.1434619252054343,1.1333333333333333,0.48495842202671646,exp
189.0,0.73828125,0.9402985074626866,1.1587473314593788,1.0,0.5052023669656123,exp
141.0,0.7747252747252747,0.9463087248322147,1.2057221485684066,1.0769230769230769,0.5586871583254474,exp
106.0,0.8412698412698413,0.9814814814814815,1.5246853667071503,1.5555555555555556,0.7548712328636392,exp
143.0,0.8125,0.959731543624161,1.478695483022391,1.4545454545454546,0.7366522271102273,exp
116.0,0.7733333333333333,0.943089430894309,1.7055767649087128,1.5,0.8100853807084634,exp
104.0,0.7222222222222222,0.9454545454545454,1.1860287688003974,1.0,0.5376786213808885,exp
147.0,0.7538461538461538,0.9545454545454546,1.1962258693589147,1.1538461538461537,0.5487865289046518,exp
145.0,0.8055555555555556,0.9539473684210527,1.2626546057626147,1.25,0.6105441510654683,exp
116.0,0.8111888111888111,0.9666666666666667,1.2475549757807363,1.1818181818181819,0.5979037799273913,exp
112.0,0.717948717948718,0.9411764705882353,1.4395476603322284,1.0833333333333333,0.7193356625966449,exp
201.0,0.8137651821862348,0.9710144927536232,1.5384813032134752,1.4615384615384615,0.7599413500927601,exp
272.0,0.7884057971014493,0.9679715302491103,1.6026550232106989,1.5333333333333334,0.7814526078610193,exp
104.0,0.8253968253968254,0.9719626168224299,1.5944388512265515,1.5555555555555556,0.7788744266314181,exp
126.0,0.7875,0.9545454545454546,1.6056345464332908,1.6,0.7823757269900228,exp
297.0,0.7734375,0.9611650485436893,1.5546801753909543,1.5,0.7656821634961605,exp
103.0,0.762962962962963,0.944954128440367,1.5867897739674377,1.6666666666666667,0.7764302424385711,exp
281.0,0.7317708333333334,0.9429530201342282,1.523765487599149,1.5,0.7545270340442191,exp
202.0,0.792156862745098,0.9711538461538461,1.1524338474634745,1.1333333333333333,0.49703801584223917,exp
112.0,0.8484848484848485,0.9572649572649573,1.0829576938250443,1.0909090909090908,0.38384604376020665,exp
165.0,0.7857142857142857,0.9649122807017544,1.1367026541611243,1.0714285714285714,0.47545962560528615,exp
187.0,0.7791666666666667,0.9689119170984456,1.1597376432500808,1.0666666666666667,0.5064591028732707,exp
151.0,0.719047619047619,0.949685534591195,1.2629757558129635,1.0714285714285714,0.6108052942419278,exp
103.0,0.7923076923076923,0.944954128440367,1.350897299782734,1.3,0.672333123732333,exp
103.0,0.7803030303030303,0.9537037037037037,1.2573981209726586,1.0909090909090908,0.6062251626154207,exp
115.0,0.8041958041958042,0.9583333333333334,1.2635540035833184,1.1818181818181819,0.6112747137146995,exp
131.0,0.7277777777777777,0.9632352941176471,1.273929417321404,1.25,0.619530169914617,exp
124.0,0.8051948051948052,0.9393939393939394,1.2800364284262693,1.2727272727272727,0.6242460867891,exp
124.0,0.7337278106508875,0.9538461538461539,1.0454533042301486,1.0,0.2916573161121907,exp
175.0,0.78125,0.9562841530054644,1.0988061020222926,1.1428571428571428,0.41443552893844826,exp
191.0,0.74609375,0.9502487562189055,1.1142987487125648,1.0,0.4411662406513853,exp
174.0,0.7733333333333333,0.9613259668508287,1.1694545520045287,1.0,0.5184639322423567,exp
142.0,0.7802197802197802,0.9594594594594594,1.1485215446533832,1.0769230769230769,0.4918418040598555,exp
108.0,0.75,0.9642857142857143,1.1255843088334296,1.0,0.45901706041956186,exp
115.0,0.7467532467532467,0.9663865546218487,1.3623987464592597,1.2727272727272727,0.6791500074363862,exp
163.0,0.7836538461538461,0.9644970414201184,1.3061514679219555,1.2307692307692308,0.6433073959142198,exp
156.0,0.8,0.968944099378882,1.2604786077939885,1.1538461538461537,0.6087665094783459,exp
106.0,0.8153846153846154,0.9724770642201835,1.2838700159625418,1.3,0.6271542883702269,exp
123.0,0.7321428571428571,0.9318181818181818,1.3076325324944713,1.1666666666666667,0.6443379929584235,exp
106.0,0.8153846153846154,0.9724770642201835,1.3215942857468383,1.3,0.653806407623767,exp
132.0,0.75,0.9295774647887324,1.5567814690343178,1.4545454545454546,0.7664106620458343,exp
166.0,0.7685185185185185,0.9595375722543352,1.5133662318008583,1.5,0.7505808811792705,exp
167.0,0.7136752136752137,0.9382022471910112,1.5014776611085892,1.3846153846153846,0.7459422996216512,exp
134.0,0.8375,0.9640287769784173,1.5524915275063649,1.6,0.764919490494623,exp
153.0,0.7846153846153846,0.95625,1.1397673261047168,1.1538461538461537,0.4798106697846192,exp
193.0,0.7658730158730159,0.9601990049751243,1.2910404471877026,1.2857142857142858,0.6324893311449119,exp
186.0,0.7815126050420168,0.96875,1.302893121264177,1.2142857142857142,0.6410218088869453,exp
173.0,0.7723214285714286,0.9719101123595506,1.2470145778042885,1.1428571428571428,0.5974378132569366,exp
153.0,0.7846153846153846,0.9683544303797469,1.1902937733213808,1.1538461538461537,0.5423870495630084,exp
108.0,0.75,0.9473684210526315,1.0687390898397253,1.0,0.3528442583618248,exp
132.0,0.7810650887573964,0.9565217391304348,1.0487811202565998,1.0,0.3014316187290829,exp
135.0,0.7988165680473372,0.9574468085106383,1.0545909617595532,1.0,0.3175696676246154,exp
116.0,0.7435897435897436,0.9508196721311475,1.1491398690815506,1.0833333333333333,0.4926702369357782,exp
