ablation,setting_index,setting,trial,iou,false_positive_rate
threshold,0,0,0,0.01804181251164356,8.783560625602832e-05
threshold,0,0,1,0.0465698773289843,0.0066286267343901965
threshold,0,0,2,0.029369076965871727,0.00023628614531580105
threshold,0,0,3,0.06480578929219784,0.0005764278003247646
threshold,0,0,4,0.1298963962805029,0.001749141627418894
threshold,1,0.01,0,0.11303357286083196,0.007839188804060157
threshold,1,0.01,1,0.1862475443888106,0.0041574218208544084
threshold,1,0.01,2,0.02091591531711932,1.863539787584997e-05
threshold,1,0.01,3,0.06998710384835309,0.0019011842253993706
threshold,1,0.01,4,0.12042563695823548,0.00770932271168587
threshold,2,0.05,0,0.06963834815125909,0.008726618424437869
threshold,2,0.05,1,0.11977764064700436,0.0048966047069338055
threshold,2,0.05,2,0.11268241852944759,0.007793719112592289
threshold,2,0.05,3,0.16150924251047866,0.005922315857961023
threshold,2,0.05,4,0.22665107163151602,0.005804847888575453
threshold,3,0.1,0,0.07271599264014476,0.008649040991175245
threshold,3,0.1,1,0.0763076534222454,0.008447023767312163
threshold,3,0.1,2,0.05589887817582171,0.00896433544901641
threshold,3,0.1,3,0.22385162040288348,0.005780641827219741
threshold,3,0.1,4,0.34782427887489326,0.004040972875276131
threshold,4,0.2,0,0.0602821023611327,0.008870920687415457
threshold,4,0.2,1,0.14574517958167701,0.007092358993493542
threshold,4,0.2,2,0.06660049221378211,0.0087806351780894
threshold,4,0.2,3,0.2487678828532984,0.005407938115635272
threshold,4,0.2,4,0.20632289699001022,0.006157323977585179
kernel,0,[3],0,0.16085858313273785,0.005738683521954498
kernel,0,[3],1,0.11985383462206067,0.007596491300623479
kernel,0,[3],2,0.11468817491914755,0.001437137767288777
kernel,0,[3],3,0.06494684626636675,0.008897886604915918
kernel,0,[3],4,0.2220365347285601,0.005888522480951707
kernel,1,[5],0,0.1040804469706504,0.007995821255105978
kernel,1,[5],1,0.2916750701348909,0.004765914903648624
kernel,1,[5],2,0.16705104268371185,0.006740778796247727
kernel,1,[5],3,0.029984360919319518,0.00014018370842311747
kernel,1,[5],4,0.23166716730556092,0.0031464483016401504
kernel,2,[7],0,0.04754918248418135,0.00030672616599485117
kernel,2,[7],1,0.20148527588152818,0.0021948541488632945
kernel,2,[7],2,0.023719158191501916,9.555895752879457e-05
kernel,2,[7],3,0.11435999890527901,0.003912656548275433
kernel,2,[7],4,0.17729173173255178,0.0065861334416261255
kernel,3,"[3, 5, 7]",0,0.10488731868262638,0.007975402565567367
kernel,3,"[3, 5, 7]",1,0.11822687079634965,0.000257583742888201
kernel,3,"[3, 5, 7]",2,0.03621925939419241,0.0002430753914318831
kernel,3,"[3, 5, 7]",3,0.19497553562865225,0.002849814717270019
kernel,3,"[3, 5, 7]",4,0.10418460559503022,0.007797315417445523
iou_threshold,0,0.5,0,0.09037238258918262,0.008338073138582541
iou_threshold,0,0.5,1,0.16745999736034597,0.006789033819455527
iou_threshold,0,0.5,2,0.08088164114040736,0.008352556014443678
iou_threshold,0,0.5,3,0.19489476299443945,0.006245915359831615
iou_threshold,0,0.5,4,0.20506305078452136,0.006196310130079153
iou_threshold,1,0.6,0,0.21107491870534278,0.006033206877857029
iou_threshold,1,0.6,1,0.1578461097998388,0.006121887424686604
iou_threshold,1,0.6,2,0.06902156931091222,0.0086551975933443
iou_threshold,1,0.6,3,0.12673117717485421,0.007612124824200348
iou_threshold,1,0.6,4,0.23252018480838887,0.005643069367302809
iou_threshold,2,0.7,0,0.010807096881730278,0.0002599147598473811
iou_threshold,2,0.7,1,0.14590150554960024,0.007089042920187313
iou_threshold,2,0.7,2,0.17436374042243233,0.006702896586211652
iou_threshold,2,0.7,3,0.07467836999558725,0.004603949561344643
iou_threshold,2,0.7,4,0.1369429468317122,0.0073245775354452355
iou_threshold,3,0.8,0,0.08613677902502087,0.00840548580936743
iou_threshold,3,0.8,1,0.16723104873366545,0.0066960351592425535
iou_threshold,3,0.8,2,0.06335784902249603,0.008793585272307065
iou_threshold,3,0.8,3,0.1825722438580735,0.006580027790647435
iou_threshold,3,0.8,4,0.22568629392668574,0.0057946873720302475
iou_threshold,4,1.0,0,0.11437256026019207,0.0006769629907791677
iou_threshold,4,1.0,1,0.13786760666321002,0.0069384906445250005
iou_threshold,4,1.0,2,0.013305315329965955,6.580346235587214e-05
iou_threshold,4,1.0,3,0.042141911320064604,0.00028265172854758085
iou_threshold,4,1.0,4,0.19910294441551696,0.0003172603246027308
low_weight,0,50,0,0.11706386467767044,0.007753433704744017
low_weight,0,50,1,0.1642935368876463,0.006743381552888852
low_weight,0,50,2,0.04214532259987328,0.0012436166544189911
low_weight,0,50,3,0.22584571467491762,0.005770349686766093
low_weight,0,50,4,0.2377415373259433,0.005582883273684633
low_weight,1,100,0,0.0701618918122115,0.008495113199151279
low_weight,1,100,1,0.04128702396840067,0.009277226709045376
low_weight,1,100,2,0.12342444320388382,0.007504346072849112
low_weight,1,100,3,0.17165925100860652,0.006739887150416346
low_weight,1,100,4,0.15540501875171972,0.007069201677472834
low_weight,2,200,0,0.10354847076943319,0.008186119705185204
low_weight,2,200,1,0.1285907098266058,0.00753238621127976
low_weight,2,200,2,0.061706896771757974,0.009027748451357676
low_weight,2,200,3,0.1836199583398499,0.006567086188294828
low_weight,2,200,4,0.3171208184524111,0.004499886000957492
low_weight,3,300,0,0.15285496069128243,0.006982482751472297
low_weight,3,300,1,0.2518500614737357,0.005307042020915786
low_weight,3,300,2,0.10976840561840531,0.007951778196968318
low_weight,3,300,3,0.20944929829017433,0.0061144103375006
low_weight,3,300,4,0.2251564235130364,0.0058388026110209245
low_weight,4,400,0,0.055640925734864136,0.008977294035099137
low_weight,4,400,1,0.16118872024461692,0.006803053888670851
low_weight,4,400,2,0.08654488025958669,0.00846663148373747
low_weight,4,400,3,0.14915013777310465,0.0070508677408066414
low_weight,4,400,4,0.17134513453318465,0.006728911414825307
patch_size,0,20,0,0.007835774377522444,0.0002053205593717195
patch_size,0,20,1,0.008215959963630691,0.00015076032635630095
patch_size,0,20,2,0.004122975762450684,9.131302499841181e-05
patch_size,0,20,3,0.013028737987994948,0.00018950870662857408
patch_size,0,20,4,0.011044749981301696,3.649803603117027e-05
patch_size,1,40,0,0.010687588992672477,0.00011028385154416202
patch_size,1,40,1,0.046357231375628305,0.002671188335716816
patch_size,1,40,2,0.023499114573085282,0.004413527979222036
patch_size,1,40,3,0.025224746815769885,3.1606721756169325e-05
patch_size,1,40,4,0.06284642916156485,0.0047521793119128354
patch_size,2,80,0,0.015222304328715497,0.0002520300631384603
patch_size,2,80,1,0.09196557640191129,0.008206071342145472
patch_size,2,80,2,0.005003634689918926,1.925105809275547e-05
patch_size,2,80,3,0.0383810968132267,0.0014615476334059476
patch_size,2,80,4,0.07018328522540128,0.004839475684737506
patch_size,3,120,0,0.005779830602720127,0.00014427254144987607
patch_size,3,120,1,0.14985664174672378,0.0051598779994127195
patch_size,3,120,2,0.005471312263742559,8.806488661266899e-05
patch_size,3,120,3,0.02861145828156074,8.15813476387745e-05
patch_size,3,120,4,0.18376706546735325,0.00649178457486849
backbone_structure,0,control,0,0.07576925335536723,0.0034963938148617675
backbone_structure,0,control,1,0.19935861385467304,0.006236947950327447
backbone_structure,0,control,2,0.029863980766856837,0.0005179273419211508
backbone_structure,0,control,3,0.2260093633329399,0.005809684005727559
backbone_structure,0,control,4,0.2780651005208161,0.004989887844626315
backbone_structure,1,2 layer,0,0.011190586975504947,0.0027248144635755502
backbone_structure,1,2 layer,1,0.13256246457935403,0.004696375020666015
backbone_structure,1,2 layer,2,0.005569250572718392,1.0822882019945676e-05
backbone_structure,1,2 layer,3,0.14949391854759517,0.0070630620590339
backbone_structure,1,2 layer,4,0.17243196973082556,0.003590785140944707
backbone_structure,2,1 layer,0,0.07287372030004027,0.008757953406512094
backbone_structure,2,1 layer,1,0.1206324309582595,0.007602855953486523
backbone_structure,2,1 layer,2,0.08064338958147593,0.0018032942509113958
backbone_structure,2,1 layer,3,0.07041966537563528,0.008743143593846118
backbone_structure,2,1 layer,4,0.048282374403112775,0.009178496039916386
loss,0,control,0,0.20190926163640016,0.006145660400924217
loss,0,control,1,0.056995308442685896,0.008933815685988018
loss,0,control,2,0.08606838918825248,0.008420864576992475
loss,0,control,3,0.1717529429381736,0.006685004226528618
loss,0,control,4,0.22809734914457427,0.00573981294000758
loss,1,nobce,0,0.0,0.0
loss,1,nobce,1,0.0,0.0
loss,1,nobce,2,0.0,0.0
loss,1,nobce,3,0.0,0.0
loss,1,nobce,4,0.0,0.0
loss,2,nocorr,0,0.12320075901463047,0.007588097092010912
loss,2,nocorr,1,0.27850164698176244,0.004947487962377913
loss,2,nocorr,2,0.2508546367851221,0.002667294815586455
loss,2,nocorr,3,0.24837487822278964,0.00443718631528133
loss,2,nocorr,4,0.18120545241693803,0.006458016673454356
loss,3,nosmooth,0,0.21019636432378186,0.004848273256940459
loss,3,nosmooth,1,0.159874223095598,0.00504851143507331
loss,3,nosmooth,2,0.15183249029336146,0.0071278889569077845
loss,3,nosmooth,3,0.21625181882682717,0.005981122023506824
loss,3,nosmooth,4,0.16195473528414803,0.006953007487846379
loss,4,nol1,0,0.26941716457126413,0.005115580185323237
loss,4,nol1,1,0.12986240523468998,0.007422437788405498
loss,4,nol1,2,0.08330193136688271,0.008617965010985374
loss,4,nol1,3,0.12670502463310807,0.006934601370327169
loss,4,nol1,4,0.1916729029670803,0.006315000928033473
feature_group,0,control,0,0.07576925335536723,0.0034963938148617675
feature_group,0,control,1,0.19935861385467304,0.006236947950327447
feature_group,0,control,2,0.029863980766856837,0.0005179273419211508
feature_group,0,control,3,0.2260093633329399,0.005809684005727559
feature_group,0,control,4,0.2780651005208161,0.004989887844626315
feature_group,1,no Structural,0,0.009202993192544709,0.0002259685292669709
feature_group,1,no Structural,1,0.09701848077963973,0.0030933826368754265
feature_group,1,no Structural,2,0.009650200699543972,6.895819022594654e-05
feature_group,1,no Structural,3,0.04970281037247282,0.004051434853030994
feature_group,1,no Structural,4,0.06602528225163692,0.008685942390796801
feature_group,2,no Frequency,0,0.03824313537859209,0.004529611774602702
feature_group,2,no Frequency,1,0.046284236862246066,0.002531233907650339
feature_group,2,no Frequency,2,0.008515020171292607,0.00010703995909094958
feature_group,2,no Frequency,3,0.005142268933825079,3.789919376619659e-05
feature_group,2,no Frequency,4,0.0908537703027793,0.00504285585294284
feature_group,3,no Wiener,0,0.006829109119241353,9.839524045909027e-05
feature_group,3,no Wiener,1,0.040411744286666273,0.0005902822781714036
feature_group,3,no Wiener,2,0.008910320787927604,6.951865331995706e-05
feature_group,3,no Wiener,3,0.020850986145382444,0.00021214377294804463
feature_group,3,no Wiener,4,0.09461610718726313,0.008192713638404887
