dataset,model,sparse_mask_percentage,trial,iou,false_positive_rate
hela2,SparseSeg,50,0,0.49444124869334927,0.010097154494055061
hela2,SparseSeg,50,1,0.7257944541774302,0.0018656754916477794
hela2,SparseSeg,50,2,0.45995341853540356,0.01168283196498675
hela2,SparseSeg,50,3,0.7280487336873886,0.002003375329540623
hela2,SparseSeg,50,4,0.4313080516669835,0.014981496947841122
hela2,SparseSeg,50,5,0.5771506626146428,0.0074321864494952565
hela2,SparseSeg,50,6,0.5832122457548663,0.002493406894737159
hela2,SparseSeg,50,7,0.6500001477581997,0.004749504374418695
hela2,SparseSeg,50,8,0.6012878614131261,0.0012706165393796952
hela2,SparseSeg,50,9,0.7111963425217762,0.002612611450527655
hela2,SparseSeg,70,0,0.6503417827208922,0.0034577813044304666
hela2,SparseSeg,70,1,0.5124731011240536,0.00768069663456603
hela2,SparseSeg,70,2,0.6633325402620799,0.0036138787679774586
hela2,SparseSeg,70,3,0.5396102838570427,0.004190680210364897
hela2,SparseSeg,70,4,0.6245246736306634,0.004391096717664024
hela2,SparseSeg,70,5,0.6990217650438293,0.002367349403842625
hela2,SparseSeg,70,6,0.6856857159953642,0.003739694240717761
hela2,SparseSeg,70,7,0.5548487233440889,0.005606036343772811
hela2,SparseSeg,70,8,0.037809594540283466,0.3502960489194607
hela2,SparseSeg,70,9,0.4094681651368995,0.012784524078645167
hela2,SparseSeg,95,0,0.5025085836909858,0.0019001482178619571
hela2,SparseSeg,95,1,0.4795159591477202,0.001433974547553642
hela2,SparseSeg,95,2,0.537164757003384,0.0027549138792834337
hela2,SparseSeg,95,3,0.36086140775815845,0.01162771126887732
hela2,SparseSeg,95,4,0.5125384863061865,0.001921997786663307
hela2,SparseSeg,95,5,0.5016527869769949,0.0026551896619423335
hela2,SparseSeg,95,6,0.5011367214162092,0.0008516746225393579
hela2,SparseSeg,95,7,0.24352036974565208,0.015737035166027553
hela2,SparseSeg,95,8,0.5347565439918563,0.0014568346482972227
hela2,SparseSeg,95,9,0.42036820115409396,0.0053331629978427015
hela2,StarDist,50,0,0.5223388538150852,0.004869460460267068
hela2,StarDist,50,1,0.16140625875369863,0.0005468548802506486
hela2,StarDist,50,2,0.011639042357274367,1.9836996781948293e-05
hela2,StarDist,50,3,0.44133785992843705,0.0016970907405289316
hela2,StarDist,50,4,0.1563366613690743,0.0002735994003928048
hela2,StarDist,50,5,0.3715553838278087,0.002136931137283813
hela2,StarDist,50,6,0.04528717043131331,9.623406080112543e-05
hela2,StarDist,50,7,0.20628780949058936,0.0003865072382407434
hela2,StarDist,50,8,0.2626941267046341,0.0006142548132379447
hela2,StarDist,50,9,0.24011988762528463,0.0004487653469337459
hela2,StarDist,70,0,0.08615295562381546,0.0002575625132255491
hela2,StarDist,70,1,0.0026914619654016133,0.02388691159113341
hela2,StarDist,70,2,0.18924944896355358,0.00024338959043913142
hela2,StarDist,70,3,0.14574525716153947,0.0003045777241344775
hela2,StarDist,70,4,0.24244387421407318,0.00047021155214470924
hela2,StarDist,70,5,0.017588190139770706,4.3291528079782705e-05
hela2,StarDist,70,6,0.0725543772917583,0.009291386894034203
hela2,StarDist,70,7,0.1271008667509963,0.0005919679133859655
hela2,StarDist,70,8,0.005577144973184678,1.3930904632185862e-05
hela2,StarDist,70,9,0.10558442409124176,0.00020225924201731354
hela2,StarDist,95,0,0.03676273845899733,0.00021016092245635586
hela2,StarDist,95,1,0.1608972585412494,0.0004047053050659639
hela2,StarDist,95,2,0.08300977836095992,0.00019248935126490278
hela2,StarDist,95,3,0.35960558965652245,0.0013515312756111997
hela2,StarDist,95,4,0.09774221614530111,0.000330961948878276
hela2,StarDist,95,5,0.2200362165915552,0.0007283090528690866
hela2,StarDist,95,6,0.09945307760231113,0.00020831394180563937
hela2,StarDist,95,7,0.3752768279470629,0.003389608611722641
hela2,StarDist,95,8,0.17363171556025023,0.00047608792276675904
hela2,StarDist,95,9,0.12019806433322812,0.0002695572726238804
jurkat,SparseSeg,50,0,0.3679480561711313,0.022381196481069357
jurkat,SparseSeg,50,1,0.09361680488872431,0.13471528599687496
jurkat,SparseSeg,50,2,0.14196952804417565,0.08241748760376742
jurkat,SparseSeg,50,3,0.12272986952990476,0.10110562256637216
jurkat,SparseSeg,50,4,0.23350152316597841,0.04524947330893511
jurkat,SparseSeg,50,5,0.28539903667453653,0.032399862843447536
jurkat,SparseSeg,50,6,0.11484875993562942,0.1078932920596662
jurkat,SparseSeg,50,7,0.2740484236344438,0.03529741830107449
jurkat,SparseSeg,50,8,0.24528359907298145,0.04104799208408348
jurkat,SparseSeg,50,9,0.4267636711250236,0.017521820836356408
jurkat,SparseSeg,70,0,0.2170249799697087,0.046609056320560206
jurkat,SparseSeg,70,1,0.3042988054572014,0.02852643606146657
jurkat,SparseSeg,70,2,0.40043715979810524,0.015946714544137815
jurkat,SparseSeg,70,3,0.19627691285268906,0.05505696078552877
jurkat,SparseSeg,70,4,0.1524266718079611,0.06623652596375733
jurkat,SparseSeg,70,5,0.24977289065269614,0.0372565784067164
jurkat,SparseSeg,70,6,0.38078807080914245,0.017926857712312387
jurkat,SparseSeg,70,7,0.17851845238407302,0.06301511267576625
jurkat,SparseSeg,70,8,0.1313879070967664,0.06675197241496353
jurkat,SparseSeg,70,9,0.20399780895255062,0.0511092460669633
jurkat,SparseSeg,95,0,0.20922491933959034,0.0422957241369057
jurkat,SparseSeg,95,1,0.2329793355909562,0.03669122202558449
jurkat,SparseSeg,95,2,0.42443876745468545,0.011683361120522505
jurkat,SparseSeg,95,3,0.36030591949524987,0.014877256534031538
jurkat,SparseSeg,95,4,0.15205376737366624,0.06122754199417334
jurkat,SparseSeg,95,5,0.28001817433618786,0.02719759379316597
jurkat,SparseSeg,95,6,0.18851377257066243,0.049827993748881486
jurkat,SparseSeg,95,7,0.293562513210141,0.023544471960249523
jurkat,SparseSeg,95,8,0.4804481448698731,0.008939183448686598
jurkat,SparseSeg,95,9,0.2547647800753848,0.03232485219067161
jurkat,StarDist,50,0,0.39034145109889107,0.019541203242453845
jurkat,StarDist,50,1,0.007357929164668208,3.101606377837183e-05
jurkat,StarDist,50,2,0.02023891865738228,6.839081539225477e-05
jurkat,StarDist,50,3,0.03380435608007546,0.0003049376468204522
jurkat,StarDist,50,4,0.2161233709232158,0.000553420429690284
jurkat,StarDist,50,5,0.0,0.0
jurkat,StarDist,50,6,0.0,0.0
jurkat,StarDist,50,7,0.0,0.0
jurkat,StarDist,50,8,0.044728425815784456,0.00026093293574738465
jurkat,StarDist,50,9,0.0,0.0
jurkat,StarDist,70,0,0.0,0.0
jurkat,StarDist,70,1,0.002067532645252291,1.4612228206532723e-05
jurkat,StarDist,70,2,0.0,0.0
jurkat,StarDist,70,3,0.0,0.0
jurkat,StarDist,70,4,0.0031842703127371165,1.011600226489942e-05
jurkat,StarDist,70,5,0.4525455809411044,0.006682555787950762
jurkat,StarDist,70,6,0.4466438453657844,0.00970329488012181
jurkat,StarDist,70,7,0.07597180129720532,0.0005545702974682434
jurkat,StarDist,70,8,0.028940791129959446,0.00022932169392901272
jurkat,StarDist,70,9,2.442998433671551e-07,0.0012025005461973166
jurkat,StarDist,95,0,0.021853472213919412,3.760755935061768e-05
jurkat,StarDist,95,1,0.15966482277582272,0.00019757886512900813
jurkat,StarDist,95,2,0.07486584262730782,0.00014317878250695947
jurkat,StarDist,95,3,0.07430570636223462,0.00013205057269103949
jurkat,StarDist,95,4,0.04172911015680391,0.0007001419386258155
jurkat,StarDist,95,5,0.04203715880414983,9.3910592168585e-05
jurkat,StarDist,95,6,0.0,0.0
jurkat,StarDist,95,7,0.08560230441871992,0.0002193838401930929
jurkat,StarDist,95,8,0.1487003611819039,0.0004358869376959813
jurkat,StarDist,95,9,0.08346353407680705,0.00022306422684860365
macrophage,SparseSeg,50,0,0.23556484343514447,0.010271185246775671
macrophage,SparseSeg,50,1,0.27486375952254016,0.0075181878424667664
macrophage,SparseSeg,50,2,0.2261077185910439,0.011582268524623232
macrophage,SparseSeg,50,3,0.29732376947993405,0.0076017520299563445
macrophage,SparseSeg,50,4,0.19162702652430222,0.015481424411158316
macrophage,SparseSeg,50,5,0.22383191289791027,0.010359509537198273
macrophage,SparseSeg,50,6,0.22138192779468577,0.010624577610524736
macrophage,SparseSeg,50,7,0.25731163952586883,0.008819581408343838
macrophage,SparseSeg,50,8,0.24078660681259795,0.010081148005680805
macrophage,SparseSeg,50,9,0.2793745411570894,0.007976437146825324
macrophage,SparseSeg,70,0,0.1934808041653568,0.014570540401900738
macrophage,SparseSeg,70,1,0.19400954604903656,0.0128656480034006
macrophage,SparseSeg,70,2,0.2648971093738917,0.006963187704493442
macrophage,SparseSeg,70,3,0.22082973604010694,0.01116741510500383
macrophage,SparseSeg,70,4,0.25242367895439366,0.007066751290306009
macrophage,SparseSeg,70,5,0.21732043613474122,0.010841403782126086
macrophage,SparseSeg,70,6,0.2798603416234572,0.007127329985632662
macrophage,SparseSeg,70,7,0.007557696906933667,0.4687479969835158
macrophage,SparseSeg,70,8,0.2924997898541373,0.006693575474367013
macrophage,SparseSeg,70,9,0.25937660434385806,0.007202439765912906
macrophage,SparseSeg,95,0,0.349739559480384,0.0019041340532664713
macrophage,SparseSeg,95,1,0.23978491759656967,0.002157348309288993
macrophage,SparseSeg,95,2,0.24306768338265405,0.0008669192341678907
macrophage,SparseSeg,95,3,0.2668454120425381,0.001075344404592811
macrophage,SparseSeg,95,4,0.21380325979415618,0.0013267080254750307
macrophage,SparseSeg,95,5,0.28151617234327625,0.0010392697903647882
macrophage,SparseSeg,95,6,0.3518401513140074,0.0012967611730227385
macrophage,SparseSeg,95,7,0.3034992019758446,0.002029833278718312
macrophage,SparseSeg,95,8,0.30373038839764155,0.0015852489527796768
macrophage,SparseSeg,95,9,0.334086048006412,0.0011609473093385817
macrophage,StarDist,50,0,0.07927202423810843,0.00025244335154751504
macrophage,StarDist,50,1,0.05946826047971852,0.0004936342841616496
macrophage,StarDist,50,2,0.08996749144831769,0.00045080961177445687
macrophage,StarDist,50,3,0.12538931298317227,0.0008456241590465469
macrophage,StarDist,50,4,0.0005190503047798485,1.9140257793614363e-05
macrophage,StarDist,50,5,0.03147517821051929,0.0005371903869995264
macrophage,StarDist,50,6,0.017087877572604257,0.0015513895279165827
macrophage,StarDist,50,7,0.019785255357360167,0.0019711493365591444
macrophage,StarDist,50,8,0.0029480655659276894,9.530654872484551e-05
macrophage,StarDist,50,9,0.14774545919683432,0.00043649679495535716
macrophage,StarDist,70,0,0.22939546273108688,0.00027724232682785
macrophage,StarDist,70,1,0.19109187248609769,0.0003279083980466618
macrophage,StarDist,70,2,0.0,0.0
macrophage,StarDist,70,3,0.19748945264290044,0.0007640290287702386
macrophage,StarDist,70,4,0.16429781910897348,0.00015787287727621503
macrophage,StarDist,70,5,0.22400688700344254,0.00024143242076293185
macrophage,StarDist,70,6,0.12098290681136815,0.00027894667587801536
macrophage,StarDist,70,7,0.1325817944570975,0.004461474973018111
macrophage,StarDist,70,8,0.2501930095306479,0.0006089541632180688
macrophage,StarDist,70,9,0.23156211672578839,0.00028328881855350474
macrophage,StarDist,95,0,0.008060671642412722,2.5704555838324762e-05
macrophage,StarDist,95,1,0.008492082441037692,9.512543261324756e-05
macrophage,StarDist,95,2,0.028224499730896024,0.00151475298934232
macrophage,StarDist,95,3,0.00017634033105728966,0.000631375409033323
macrophage,StarDist,95,4,0.014548501699668034,9.629804333577276e-05
macrophage,StarDist,95,5,0.008500618805577882,0.0023034068432855877
macrophage,StarDist,95,6,0.0068046780154620325,0.00036036069004272565
macrophage,StarDist,95,7,0.02276719982268833,0.0014098844387256749
macrophage,StarDist,95,8,0.02597026331803281,0.024237691806490085
macrophage,StarDist,95,9,0.0,0.0
