training_dataset,test_dataset,sparse_mask_percentage,trial,absolute_iou
hela2,hela2,50,0,0.49296581663617944
hela2,hela2,50,1,0.7259335124235435
hela2,hela2,50,2,0.45850109894169067
hela2,hela2,50,3,0.7281839280919409
hela2,hela2,50,4,0.42912765768730665
hela2,hela2,50,5,0.5754440772426571
hela2,hela2,50,6,0.5840109516291849
hela2,hela2,50,7,0.6488636837175242
hela2,hela2,50,8,0.6021363208285129
hela2,hela2,50,9,0.7107583742650824
hela2,hela2,70,0,0.6499717337646861
hela2,hela2,70,1,0.5117999758848601
hela2,hela2,70,2,0.6628198759592132
hela2,hela2,70,3,0.5396401610973518
hela2,hela2,70,4,0.6238508926529646
hela2,hela2,70,5,0.6984740250715717
hela2,hela2,70,6,0.6846343806063261
hela2,hela2,70,7,0.5542584551832669
hela2,hela2,70,8,0.08609212838881844
hela2,hela2,70,9,0.4086356821873802
hela2,hela2,95,0,0.5032924177980155
hela2,hela2,95,1,0.4805335922561601
hela2,hela2,95,2,0.5375165886309015
hela2,hela2,95,3,0.36046287332309357
hela2,hela2,95,4,0.5133300250686594
hela2,hela2,95,5,0.5022141876603217
hela2,hela2,95,6,0.5023059341860253
hela2,hela2,95,7,0.24344596709028152
hela2,hela2,95,8,0.5356202010783792
hela2,hela2,95,9,0.42091252059873263
hela2,jurkat,50,0,0.057021357942252195
hela2,jurkat,50,1,0.4503922656947523
hela2,jurkat,50,2,0.06452663981330192
hela2,jurkat,50,3,0.44329599379346213
hela2,jurkat,50,4,0.04437511070131855
hela2,jurkat,50,5,0.3848833752007247
hela2,jurkat,50,6,0.4865117466849187
hela2,jurkat,50,7,0.4855904301803374
hela2,jurkat,50,8,0.3142508159777293
hela2,jurkat,50,9,0.20436982869896334
hela2,jurkat,70,0,0.4793290207867858
hela2,jurkat,70,1,0.22478374653268657
hela2,jurkat,70,2,0.4969638804843086
hela2,jurkat,70,3,0.3053293169863171
hela2,jurkat,70,4,0.02876285915272962
hela2,jurkat,70,5,0.4793900880161508
hela2,jurkat,70,6,0.41327046370111115
hela2,jurkat,70,7,0.43582747545953804
hela2,jurkat,70,8,0.08793789292116953
hela2,jurkat,70,9,0.2733876761584137
hela2,jurkat,95,0,0.22935882958132686
hela2,jurkat,95,1,0.13410282733692114
hela2,jurkat,95,2,0.25564293821121287
hela2,jurkat,95,3,0.18824411229888943
hela2,jurkat,95,4,0.339228559394972
hela2,jurkat,95,5,0.3446324622456396
hela2,jurkat,95,6,0.21470535739336016
hela2,jurkat,95,7,0.04718134185107403
hela2,jurkat,95,8,0.3377906163927598
hela2,jurkat,95,9,0.3786696751536319
hela2,macrophage,50,0,0.02529361148370068
hela2,macrophage,50,1,0.06596572504282226
hela2,macrophage,50,2,0.015479538653472168
hela2,macrophage,50,3,0.061843736686148336
hela2,macrophage,50,4,0.007938738866673917
hela2,macrophage,50,5,0.03677152066419293
hela2,macrophage,50,6,0.04157140812324168
hela2,macrophage,50,7,0.11686549572036563
hela2,macrophage,50,8,0.011320751413561918
hela2,macrophage,50,9,0.02473060169148763
hela2,macrophage,70,0,0.03360136400049679
hela2,macrophage,70,1,0.015679591474265772
hela2,macrophage,70,2,0.010772801872758638
hela2,macrophage,70,3,0.009566108262587032
hela2,macrophage,70,4,0.0003051945136678856
hela2,macrophage,70,5,0.019597742848158694
hela2,macrophage,70,6,0.016562458454689784
hela2,macrophage,70,7,0.09801829644712153
hela2,macrophage,70,8,0.003362939854639299
hela2,macrophage,70,9,0.0443769296362105
hela2,macrophage,95,0,0.04220449284964186
hela2,macrophage,95,1,0.002808532004846012
hela2,macrophage,95,2,0.04805935701391659
hela2,macrophage,95,3,0.004451111503723134
hela2,macrophage,95,4,0.0741353499160861
hela2,macrophage,95,5,0.049675354763547175
hela2,macrophage,95,6,0.01785256226667888
hela2,macrophage,95,7,0.001512555732635085
hela2,macrophage,95,8,0.005182884017966184
hela2,macrophage,95,9,0.029733521079644616
jurkat,hela2,50,0,0.23411964329299442
jurkat,hela2,50,1,0.0692610588700812
jurkat,hela2,50,2,0.10972925350350415
jurkat,hela2,50,3,0.09972153170317523
jurkat,hela2,50,4,0.17941125676651132
jurkat,hela2,50,5,0.1779571198117602
jurkat,hela2,50,6,0.11818071649387904
jurkat,hela2,50,7,0.19300294487605812
jurkat,hela2,50,8,0.2270574568939013
jurkat,hela2,50,9,0.4361815365936909
jurkat,hela2,70,0,0.15101823019258917
jurkat,hela2,70,1,0.30148720590288314
jurkat,hela2,70,2,0.20993906592225423
jurkat,hela2,70,3,0.15862920209471246
jurkat,hela2,70,4,0.21370076261569484
jurkat,hela2,70,5,0.15710810056414198
jurkat,hela2,70,6,0.34784863155597107
jurkat,hela2,70,7,0.20969649132299886
jurkat,hela2,70,8,0.1220521590559878
jurkat,hela2,70,9,0.20688436836568522
jurkat,hela2,95,0,0.14882319456515755
jurkat,hela2,95,1,0.1569362027770124
jurkat,hela2,95,2,0.18259024665698642
jurkat,hela2,95,3,0.12402922126175167
jurkat,hela2,95,4,0.07434244781139332
jurkat,hela2,95,5,0.2174194410794098
jurkat,hela2,95,6,0.11190261124126043
jurkat,hela2,95,7,0.14151880782047438
jurkat,hela2,95,8,0.25586437557930714
jurkat,hela2,95,9,0.32298838129923935
jurkat,jurkat,50,0,0.36605045579930584
jurkat,jurkat,50,1,0.12448634357472897
jurkat,jurkat,50,2,0.14115643423613608
jurkat,jurkat,50,3,0.1367101905280241
jurkat,jurkat,50,4,0.23219959099412274
jurkat,jurkat,50,5,0.28395809312610565
jurkat,jurkat,50,6,0.1337371292909709
jurkat,jurkat,50,7,0.2724860603028319
jurkat,jurkat,50,8,0.2435364842983865
jurkat,jurkat,50,9,0.4250631970137323
jurkat,jurkat,70,0,0.2157243776566469
jurkat,jurkat,70,1,0.30294409829013896
jurkat,jurkat,70,2,0.39880162858041157
jurkat,jurkat,70,3,0.1954612658187897
jurkat,jurkat,70,4,0.1517701264796861
jurkat,jurkat,70,5,0.24827217508427316
jurkat,jurkat,70,6,0.37911195462977365
jurkat,jurkat,70,7,0.17726838166168857
jurkat,jurkat,70,8,0.13092479319575948
jurkat,jurkat,70,9,0.20284823709015226
jurkat,jurkat,95,0,0.20825512414402886
jurkat,jurkat,95,1,0.23155767447233477
jurkat,jurkat,95,2,0.4237515460994765
jurkat,jurkat,95,3,0.35942468965943514
jurkat,jurkat,95,4,0.15125328476870045
jurkat,jurkat,95,5,0.27917816165576853
jurkat,jurkat,95,6,0.18776530412630107
jurkat,jurkat,95,7,0.2923811995928107
jurkat,jurkat,95,8,0.47911291677951134
jurkat,jurkat,95,9,0.25377272658218863
jurkat,macrophage,50,0,0.12952592382559844
jurkat,macrophage,50,1,0.028587457576326608
jurkat,macrophage,50,2,0.049228416665257034
jurkat,macrophage,50,3,0.03936698089811417
jurkat,macrophage,50,4,0.06443984907431194
jurkat,macrophage,50,5,0.08898792193420177
jurkat,macrophage,50,6,0.023151740264284255
jurkat,macrophage,50,7,0.047539513842532986
jurkat,macrophage,50,8,0.045274194374844715
jurkat,macrophage,50,9,0.14279375514939333
jurkat,macrophage,70,0,0.05545393576752719
jurkat,macrophage,70,1,0.1335281743984558
jurkat,macrophage,70,2,0.057561080656377335
jurkat,macrophage,70,3,0.06711620179477899
jurkat,macrophage,70,4,0.043950454690652695
jurkat,macrophage,70,5,0.0999674288455554
jurkat,macrophage,70,6,0.12337469996243047
jurkat,macrophage,70,7,0.04903475104533226
jurkat,macrophage,70,8,0.015705401420349357
jurkat,macrophage,70,9,0.01592453193550426
jurkat,macrophage,95,0,0.02382414480670314
jurkat,macrophage,95,1,0.04760306174112938
jurkat,macrophage,95,2,0.11738898467935531
jurkat,macrophage,95,3,0.06958889669297372
jurkat,macrophage,95,4,0.02993576845507898
jurkat,macrophage,95,5,0.11936116713684848
jurkat,macrophage,95,6,0.03185671843131659
jurkat,macrophage,95,7,0.08714475348402978
jurkat,macrophage,95,8,0.10602215449859251
jurkat,macrophage,95,9,0.08464078315022722
macrophage,macrophage,50,0,0.2349756959954888
macrophage,macrophage,50,1,0.27478843519224194
macrophage,macrophage,50,2,0.22543368783055634
macrophage,macrophage,50,3,0.29711915225997404
macrophage,macrophage,50,4,0.1914251411636611
macrophage,macrophage,50,5,0.223543589603957
macrophage,macrophage,50,6,0.22146636734635805
macrophage,macrophage,50,7,0.25683877967725716
macrophage,macrophage,50,8,0.24065186387452556
macrophage,macrophage,50,9,0.2787976753894447
macrophage,macrophage,70,0,0.1930268606822134
macrophage,macrophage,70,1,0.19407400040639655
macrophage,macrophage,70,2,0.2647796612070916
macrophage,macrophage,70,3,0.22066260122787903
macrophage,macrophage,70,4,0.25238451170152637
macrophage,macrophage,70,5,0.2172040821958892
macrophage,macrophage,70,6,0.27958740447667196
macrophage,macrophage,70,7,3.081605763131052e-07
macrophage,macrophage,70,8,0.29229729152392664
macrophage,macrophage,70,9,0.2593743365047805
macrophage,macrophage,95,0,0.34973017479285223
macrophage,macrophage,95,1,0.23956780366840816
macrophage,macrophage,95,2,0.24233806414333775
macrophage,macrophage,95,3,0.2663158511950672
macrophage,macrophage,95,4,0.21486653836345446
macrophage,macrophage,95,5,0.2814731126028755
macrophage,macrophage,95,6,0.3515787599070825
macrophage,macrophage,95,7,0.30330826196681876
macrophage,macrophage,95,8,0.303545294071723
macrophage,macrophage,95,9,0.3334340967547994
macrophage,hela2,50,0,0.06661263865808117
macrophage,hela2,50,1,0.009222409946868943
macrophage,hela2,50,2,0.008522183091946245
macrophage,hela2,50,3,0.00760846753736669
macrophage,hela2,50,4,0.002687985309335923
macrophage,hela2,50,5,0.015119917164841972
macrophage,hela2,50,6,0.0026167889164416514
macrophage,hela2,50,7,0.010422756122958971
macrophage,hela2,50,8,0.00577215741029542
macrophage,hela2,50,9,0.008111315513805176
macrophage,hela2,70,0,0.017990880625971952
macrophage,hela2,70,1,0.00636468018613002
macrophage,hela2,70,2,0.011747937914007158
macrophage,hela2,70,3,0.012897926392890937
macrophage,hela2,70,4,0.010116882487026508
macrophage,hela2,70,5,0.005434141589142539
macrophage,hela2,70,6,0.009930605740015796
macrophage,hela2,70,7,2.4300603770592128e-05
macrophage,hela2,70,8,0.005071231879514461
macrophage,hela2,70,9,0.006664184325326675
macrophage,hela2,95,0,0.0014495879966132865
macrophage,hela2,95,1,0.0006384690995803903
macrophage,hela2,95,2,0.005780639111137655
macrophage,hela2,95,3,0.002331110687977118
macrophage,hela2,95,4,0.0023294315154081618
macrophage,hela2,95,5,0.0028177271620996765
macrophage,hela2,95,6,0.0022431197132479646
macrophage,hela2,95,7,0.0016790672482111758
macrophage,hela2,95,8,0.002669844504117912
macrophage,hela2,95,9,0.0012489587223163726
macrophage,jurkat,50,0,0.07448805778533892
macrophage,jurkat,50,1,0.03942421979101786
macrophage,jurkat,50,2,0.04705861046206097
macrophage,jurkat,50,3,0.03142311286155612
macrophage,jurkat,50,4,0.022004907879203603
macrophage,jurkat,50,5,0.042129303378490496
macrophage,jurkat,50,6,0.014467349184362717
macrophage,jurkat,50,7,0.04762489275666055
macrophage,jurkat,50,8,0.03612171654397162
macrophage,jurkat,50,9,0.04522237404314408
macrophage,jurkat,70,0,0.06036840529478881
macrophage,jurkat,70,1,0.030907919720404093
macrophage,jurkat,70,2,0.02825080774801443
macrophage,jurkat,70,3,0.02089373473815863
macrophage,jurkat,70,4,0.02942766105565286
macrophage,jurkat,70,5,0.025294208758968206
macrophage,jurkat,70,6,0.036923765489696225
macrophage,jurkat,70,7,0.00021116517869576126
macrophage,jurkat,70,8,0.029013537692242266
macrophage,jurkat,70,9,0.023539888765334225
macrophage,jurkat,95,0,0.015227339874205105
macrophage,jurkat,95,1,0.00654020040978509
macrophage,jurkat,95,2,0.054925785756629694
macrophage,jurkat,95,3,0.01283988483553672
macrophage,jurkat,95,4,0.026185018383476012
macrophage,jurkat,95,5,0.03647180722097085
macrophage,jurkat,95,6,0.01471706910712427
macrophage,jurkat,95,7,0.02124553386548556
macrophage,jurkat,95,8,0.014089311868135768
macrophage,jurkat,95,9,0.011456074623835166
