"model","trial","roi_num","time_minutes","epoch_count","measurement_kind"
"SparseSeg finetuning","100","1","0.035495958","60","training_time_per_epoch"
"SparseSeg finetuning","101","1","0.035711734","60","training_time_per_epoch"
"SparseSeg finetuning","102","1","0.035623990","60","training_time_per_epoch"
"SparseSeg finetuning","103","1","0.042897345","60","training_time_per_epoch"
"SparseSeg finetuning","104","1","0.042783263","60","training_time_per_epoch"
"SparseSeg finetuning","100","5","0.035959121","60","training_time_per_epoch"
"SparseSeg finetuning","101","5","0.035604463","60","training_time_per_epoch"
"SparseSeg finetuning","102","5","0.035547990","60","training_time_per_epoch"
"SparseSeg finetuning","103","5","0.042447327","60","training_time_per_epoch"
"SparseSeg finetuning","104","5","0.042403090","60","training_time_per_epoch"
"SparseSeg finetuning","100","10","0.035745977","60","training_time_per_epoch"
"SparseSeg finetuning","101","10","0.035634270","60","training_time_per_epoch"
"SparseSeg finetuning","102","10","0.042494577","60","training_time_per_epoch"
"SparseSeg finetuning","103","10","0.042827300","60","training_time_per_epoch"
"SparseSeg finetuning","104","10","0.042351291","60","training_time_per_epoch"
"StarDist","100","1","0.431600000","50","training_time_per_epoch"
"StarDist","101","1","0.439400000","50","training_time_per_epoch"
"StarDist","102","1","0.456400000","50","training_time_per_epoch"
"StarDist","103","1","0.308600000","50","training_time_per_epoch"
"StarDist","104","1","0.436400000","50","training_time_per_epoch"
"StarDist","100","5","0.302600000","50","training_time_per_epoch"
"StarDist","101","5","0.305000000","50","training_time_per_epoch"
"StarDist","102","5","0.330000000","50","training_time_per_epoch"
"StarDist","103","5","0.438600000","50","training_time_per_epoch"
"StarDist","104","5","2.035600000","50","training_time_per_epoch"
"StarDist","100","10","0.429600000","50","training_time_per_epoch"
"StarDist","101","10","0.451600000","50","training_time_per_epoch"
"StarDist","102","10","3.529400000","50","training_time_per_epoch"
"StarDist","103","10","0.424400000","50","training_time_per_epoch"
"DeePict","100","1","0.080000000","25","training_time_per_epoch"
"DeePict","101","1","0.120000000","25","training_time_per_epoch"
"DeePict","102","1","0.120000000","25","training_time_per_epoch"
"DeePict","103","1","0.120000000","25","training_time_per_epoch"
"DeePict","104","1","0.120000000","25","training_time_per_epoch"
"DeePict","100","5","0.120000000","25","training_time_per_epoch"
"DeePict","101","5","0.120000000","25","training_time_per_epoch"
"DeePict","102","5","0.120000000","25","training_time_per_epoch"
"DeePict","103","5","0.120000000","25","training_time_per_epoch"
"DeePict","104","5","0.120000000","25","training_time_per_epoch"
"DeePict","100","10","0.160000000","25","training_time_per_epoch"
"DeePict","101","10","0.120000000","25","training_time_per_epoch"
"DeePict","102","10","0.120000000","25","training_time_per_epoch"
"DeePict","103","10","0.120000000","25","training_time_per_epoch"
"COSEM-2D-UNet","100","1","0.012958376","100","derived_time_per_epoch_from_fresh_end_to_end"
"COSEM-2D-UNet","101","1","0.013233006","100","derived_time_per_epoch_from_fresh_end_to_end"
"COSEM-2D-UNet","102","1","0.012988532","100","derived_time_per_epoch_from_fresh_end_to_end"
"COSEM-2D-UNet","103","1","0.013780309","100","derived_time_per_epoch_from_fresh_end_to_end"
"COSEM-2D-UNet","104","1","0.012821830","100","derived_time_per_epoch_from_fresh_end_to_end"
"COSEM-2D-UNet","100","5","0.013387058","100","derived_time_per_epoch_from_fresh_end_to_end"
"COSEM-2D-UNet","101","5","0.012859014","100","derived_time_per_epoch_from_fresh_end_to_end"
"COSEM-2D-UNet","102","5","0.013090362","100","derived_time_per_epoch_from_fresh_end_to_end"
"COSEM-2D-UNet","103","5","0.012894537","100","derived_time_per_epoch_from_fresh_end_to_end"
"COSEM-2D-UNet","104","5","0.012845468","100","derived_time_per_epoch_from_fresh_end_to_end"
"COSEM-2D-UNet","100","10","0.013171396","100","derived_time_per_epoch_from_fresh_end_to_end"
"COSEM-2D-UNet","101","10","0.013558790","100","derived_time_per_epoch_from_fresh_end_to_end"
"COSEM-2D-UNet","102","10","0.013330246","100","derived_time_per_epoch_from_fresh_end_to_end"
"COSEM-2D-UNet","103","10","0.013910037","100","derived_time_per_epoch_from_fresh_end_to_end"
"COSEM-3D-UNet","100","1","0.025066799","100","derived_time_per_epoch_from_fresh_end_to_end"
"COSEM-3D-UNet","101","1","0.025072344","100","derived_time_per_epoch_from_fresh_end_to_end"
"COSEM-3D-UNet","102","1","0.025291779","100","derived_time_per_epoch_from_fresh_end_to_end"
"COSEM-3D-UNet","103","1","0.024784703","100","derived_time_per_epoch_from_fresh_end_to_end"
"COSEM-3D-UNet","104","1","0.025433342","100","derived_time_per_epoch_from_fresh_end_to_end"
"COSEM-3D-UNet","100","5","0.025032606","100","derived_time_per_epoch_from_fresh_end_to_end"
"COSEM-3D-UNet","101","5","0.024971321","100","derived_time_per_epoch_from_fresh_end_to_end"
"COSEM-3D-UNet","102","5","0.024873706","100","derived_time_per_epoch_from_fresh_end_to_end"
"COSEM-3D-UNet","103","5","0.025150212","100","derived_time_per_epoch_from_fresh_end_to_end"
"COSEM-3D-UNet","104","5","0.025271401","100","derived_time_per_epoch_from_fresh_end_to_end"
"COSEM-3D-UNet","100","10","0.025362741","100","derived_time_per_epoch_from_fresh_end_to_end"
"COSEM-3D-UNet","101","10","0.025189705","100","derived_time_per_epoch_from_fresh_end_to_end"
"COSEM-3D-UNet","102","10","0.025192322","100","derived_time_per_epoch_from_fresh_end_to_end"
"SparseSeg-ViT","100","1","0.220000000","250","training_time_per_epoch"
"SparseSeg-ViT","101","1","0.216000000","250","training_time_per_epoch"
"SparseSeg-ViT","102","1","0.200000000","250","training_time_per_epoch"
"SparseSeg-ViT","103","1","0.200000000","250","training_time_per_epoch"
"SparseSeg-ViT","104","1","0.196000000","250","training_time_per_epoch"
"SparseSeg-ViT","100","5","0.244000000","250","training_time_per_epoch"
"SparseSeg-ViT","101","5","0.208000000","250","training_time_per_epoch"
"SparseSeg-ViT","102","5","0.212000000","250","training_time_per_epoch"
"SparseSeg-ViT","103","5","0.244000000","250","training_time_per_epoch"
"SparseSeg-ViT","104","5","0.220000000","250","training_time_per_epoch"
"SparseSeg-ViT","100","10","0.220000000","250","training_time_per_epoch"
"SparseSeg-ViT","101","10","0.228000000","250","training_time_per_epoch"
"SparseSeg-ViT","102","10","0.224000000","250","training_time_per_epoch"
"SparseSeg-ViT","103","10","0.224000000","250","training_time_per_epoch"
"Vanilla-UNet","100","1","0.013498545","50","training_time_per_epoch"
"Vanilla-UNet","101","1","0.013357044","50","training_time_per_epoch"
"Vanilla-UNet","102","1","0.013297593","50","training_time_per_epoch"
"Vanilla-UNet","103","1","0.013519586","50","training_time_per_epoch"
"Vanilla-UNet","104","1","0.013315757","50","training_time_per_epoch"
"Vanilla-UNet","100","5","0.013690864","50","training_time_per_epoch"
"Vanilla-UNet","101","5","0.013336837","50","training_time_per_epoch"
"Vanilla-UNet","102","5","0.013283616","50","training_time_per_epoch"
"Vanilla-UNet","103","5","0.013076004","50","training_time_per_epoch"
"Vanilla-UNet","104","5","0.013381496","50","training_time_per_epoch"
"Vanilla-UNet","100","10","0.013554441","50","training_time_per_epoch"
"Vanilla-UNet","101","10","0.013646280","50","training_time_per_epoch"
"Vanilla-UNet","102","10","0.013220815","50","training_time_per_epoch"
"Vanilla-UNet","103","10","0.013830017","50","training_time_per_epoch"
"Vanilla-UNet","104","10","0.013497591","50","training_time_per_epoch"
"Vanilla-UNet-SparseMatched","100","1","0.013308364","50","training_time_per_epoch"
"Vanilla-UNet-SparseMatched","101","1","0.013985144","50","training_time_per_epoch"
"Vanilla-UNet-SparseMatched","102","1","0.013637083","50","training_time_per_epoch"
"Vanilla-UNet-SparseMatched","103","1","0.013757356","50","training_time_per_epoch"
"Vanilla-UNet-SparseMatched","104","1","0.013844935","50","training_time_per_epoch"
"Vanilla-UNet-SparseMatched","100","5","0.013731728","50","training_time_per_epoch"
"Vanilla-UNet-SparseMatched","101","5","0.013519792","50","training_time_per_epoch"
"Vanilla-UNet-SparseMatched","102","5","0.013877248","50","training_time_per_epoch"
"Vanilla-UNet-SparseMatched","103","5","0.013395840","50","training_time_per_epoch"
"Vanilla-UNet-SparseMatched","104","5","0.013975718","50","training_time_per_epoch"
"Vanilla-UNet-SparseMatched","100","10","0.013898852","50","training_time_per_epoch"
"Vanilla-UNet-SparseMatched","101","10","0.013517878","50","training_time_per_epoch"
"Vanilla-UNet-SparseMatched","102","10","0.013302694","50","training_time_per_epoch"
"Vanilla-UNet-SparseMatched","103","10","0.013253554","50","training_time_per_epoch"
"Vanilla-UNet-SparseMatched","104","10","0.012959002","50","training_time_per_epoch"
"MitoNet-Sparse-Finetuned","100","1","0.148876893","8","training_time_per_epoch"
"MitoNet-Sparse-Finetuned","101","1","0.116518606","8","training_time_per_epoch"
"MitoNet-Sparse-Finetuned","102","1","0.112206717","8","training_time_per_epoch"
"MitoNet-Sparse-Finetuned","103","1","0.112575433","8","training_time_per_epoch"
"MitoNet-Sparse-Finetuned","104","1","0.106846343","8","training_time_per_epoch"
"MitoNet-Sparse-Finetuned","100","5","0.101940540","8","training_time_per_epoch"
"MitoNet-Sparse-Finetuned","101","5","0.082764096","8","training_time_per_epoch"
"MitoNet-Sparse-Finetuned","102","5","0.085035127","8","training_time_per_epoch"
"MitoNet-Sparse-Finetuned","103","5","0.083736030","8","training_time_per_epoch"
"MitoNet-Sparse-Finetuned","104","5","0.084573457","8","training_time_per_epoch"
"MitoNet-Sparse-Finetuned","100","10","0.085092427","8","training_time_per_epoch"
"MitoNet-Sparse-Finetuned","101","10","0.084190619","8","training_time_per_epoch"
"MitoNet-Sparse-Finetuned","102","10","0.082370326","8","training_time_per_epoch"
"MitoNet-Sparse-Finetuned","103","10","0.082994863","8","training_time_per_epoch"
"MitoNet-Sparse-Finetuned","104","10","0.081862703","8","training_time_per_epoch"
"nnU-Net","100","1","0.462333333","50","training_time_per_epoch"
"nnU-Net","101","1","0.465000000","50","training_time_per_epoch"
"nnU-Net","102","1","1.800000000","50","training_time_per_epoch"
"nnU-Net","103","1","1.442000000","50","training_time_per_epoch"
"nnU-Net","104","1","0.438333333","50","training_time_per_epoch"
"nnU-Net","100","5","0.455666667","50","training_time_per_epoch"
"nnU-Net","101","5","0.448666667","50","training_time_per_epoch"
"nnU-Net","102","5","0.452333333","50","training_time_per_epoch"
"nnU-Net","103","5","0.455000000","50","training_time_per_epoch"
"nnU-Net","104","5","0.457666667","50","training_time_per_epoch"
"nnU-Net","100","10","0.450333333","50","training_time_per_epoch"
"nnU-Net","101","10","0.448333333","50","training_time_per_epoch"
"nnU-Net","102","10","0.453666667","50","training_time_per_epoch"
"nnU-Net","103","10","0.451000000","50","training_time_per_epoch"
"nnU-Net","104","10","0.440666667","50","training_time_per_epoch"
"nnU-Net-SparseMatched","100","1","2.032333333","50","training_time_per_epoch"
"nnU-Net-SparseMatched","101","1","2.016333333","50","training_time_per_epoch"
"nnU-Net-SparseMatched","102","1","2.073333333","50","training_time_per_epoch"
"nnU-Net-SparseMatched","103","1","2.068666667","50","training_time_per_epoch"
"nnU-Net-SparseMatched","104","1","2.122333333","50","training_time_per_epoch"
"nnU-Net-SparseMatched","100","5","2.152000000","50","training_time_per_epoch"
"nnU-Net-SparseMatched","101","5","2.020333333","50","training_time_per_epoch"
"nnU-Net-SparseMatched","102","5","1.995666667","50","training_time_per_epoch"
"nnU-Net-SparseMatched","103","5","4.336666667","50","training_time_per_epoch"
"nnU-Net-SparseMatched","104","5","1.879000000","50","training_time_per_epoch"
"nnU-Net-SparseMatched","100","10","4.152000000","50","training_time_per_epoch"
"nnU-Net-SparseMatched","101","10","10.615000000","50","training_time_per_epoch"
"nnU-Net-SparseMatched","102","10","4.070000000","50","training_time_per_epoch"
"nnU-Net-SparseMatched","103","10","3.983666667","50","training_time_per_epoch"
"nnU-Net-SparseMatched","104","10","10.204333333","50","training_time_per_epoch"
"MitoNet-Pretrained","100","1","0.369769007","","inference_time_per_volume_no_training_epoch"
"MitoNet-Pretrained","101","1","0.369769007","","inference_time_per_volume_no_training_epoch"
"MitoNet-Pretrained","102","1","0.369769007","","inference_time_per_volume_no_training_epoch"
"MitoNet-Pretrained","103","1","0.369769007","","inference_time_per_volume_no_training_epoch"
"MitoNet-Pretrained","104","1","0.369769007","","inference_time_per_volume_no_training_epoch"
"MitoNet-Pretrained","100","5","0.369769007","","inference_time_per_volume_no_training_epoch"
"MitoNet-Pretrained","101","5","0.369769007","","inference_time_per_volume_no_training_epoch"
"MitoNet-Pretrained","102","5","0.369769007","","inference_time_per_volume_no_training_epoch"
"MitoNet-Pretrained","103","5","0.369769007","","inference_time_per_volume_no_training_epoch"
"MitoNet-Pretrained","104","5","0.369769007","","inference_time_per_volume_no_training_epoch"
"MitoNet-Pretrained","100","10","0.369769007","","inference_time_per_volume_no_training_epoch"
"MitoNet-Pretrained","101","10","0.369769007","","inference_time_per_volume_no_training_epoch"
"MitoNet-Pretrained","102","10","0.369769007","","inference_time_per_volume_no_training_epoch"
"MitoNet-Pretrained","103","10","0.369769007","","inference_time_per_volume_no_training_epoch"
"MitoNet-Pretrained","104","10","0.369769007","","inference_time_per_volume_no_training_epoch"
